Pertanyaan;Coarse;Fine
Apa singkatan dari komisi pemberantasan korupsi;ABBR;abbreviation
Apa akronim dari lembaga ilmu pengatahuan indonesia;ABBR;abbreviation
apa akronim untuk persatuan atletik seluruh indonesia;ABBR;abbreviation
apa singkatan untuk persatuan sepakbola seluruh indonesia;ABBR;abbreviation
apa kependekan dari ikatan pengusaha indonesia;ABBR;abbreviation
apakah singkatan untuk angkatan besenjata  indonesia;ABBR;abbreviation
apa singkatan dari tempat pembuatan sampah;ABBR;abbreviation
apa singkatan untuk polisi lalu lintas;ABBR;abbreviation
global positioning system juga sering disingkat dengan;ABBR;abbreviation
automated teller machine juga sering disingkat;ABBR;abbreviation
apa singkatan dari general motors;ABBR;abbreviation
apa singkatan untuk chief of operation;ABBR;abbreviation
apa akronim dari malas bergerak;ABBR;abbreviation
apa akronim untuk liquid crystal display;ABBR;abbreviation
cash on delivery juga sering disingkat;ABBR;abbreviation
apa singkatan dari persatuan sepakbola jakarta;ABBR;abbreviation
apa singkatan untuk persatuan penembak indonesia;ABBR;abbreviation
apa akronim untuk taman pendidikan al quran;ABBR;abbreviation
apa kependekan dari pendidikan anak usia dini;ABBR;abbreviation
apa kependekan untuk taman kanak kanak;ABBR;abbreviation
sarjana hukum juga disingkat dengan;ABBR;abbreviation
sarjana sains disingkat dengan;ABBR;abbreviation
apakah singkatan sarjana komunikasi;ABBR;abbreviation
apa singkatan dari akademi ilmu pelayaran;ABBR;abbreviation
akademi militer juga sering disingkat dengan;ABBR;abbreviation
apa kependekan dari akademi perawat;ABBR;abbreviation
apakah kependekan untuk asosiasi kontraktor indonesia;ABBR;abbreviation
apa singkatan dari aliansi jurnalis independen;ABBR;abbreviation
apa singkatan untuk ahli media farmasi;ABBR;abbreviation
asosiasi panel kayu indonesia biasa disingkat dengan;ABBR;abbreviation
apa singkatan untk akademi pemimpin perusahaan;ABBR;abbreviation
apa kependekan dari badan pemeriksa keuangan;ABBR;abbreviation
buku pemilik kendaraan bermotor disingkat dengan;ABBR;abbreviation
apa akronim untuk pemilihan umum;ABBR;abbreviation
apa akronim dari badan urusan logistik;ABBR;abbreviation
buru sergap merupakan kepanjangan dari;ABBR;abbreviation
apa akronim untuk jakarta bogor depok tangerang bekasi;ABBR;abbreviation
apa singkatan dari komandan rayon militer;ABBR;abbreviation
daerah istimewa yogyakarta sering disingkat dengan;ABBR;abbreviation
apa kepanjangan dari HIV;ABBR;expansion
apa kepanjangan pemilu;ABBR;expansion
apa kepanjangan BPJS;ABBR;expansion
apakah kepanjangan dari bulog;ABBR;expansion
apa kepanjangan singkatan ok;ABBR;expansion
apa arti wc;ABBR;expansion
apa arti ok;ABBR;expansion
apa itu vc;ABBR;expansion
apa arti cv;ABBR;expansion
apa arti hvs;ABBR;expansion
apa kepanjangan dari hvs;ABBR;expansion
wifi merupakan singkatan;ABBR;expansion
apill adalah singkatan dari;ABBR;expansion
apill merupakan singaktan dari;ABBR;expansion
apa kepanjangan dari pin;ABBR;expansion
apa arti nb yang sering dituliskan pada akhir catatan;ABBR;expansion
apa itu lpg;ABBR;expansion
asap itu singkatan dari apa;ABBR;expansion
apakah kepanjangan asap;ABBR;expansion
apa kepanjangan dari vip;ABBR;expansion
tpa singkatan dari;ABBR;expansion
apa kepanjandan dari polantas;ABBR;expansion
pdf merupakan singkatan dari;ABBR;expansion
apa makna cod;ABBR;expansion
apa kepanjangan rspv;ABBR;expansion
lol adalah singaktan dari;ABBR;expansion
apa arti usb;ABBR;expansion
apa kepanjangan usb;ABBR;expansion
apa kepanjangan tv;ABBR;expansion
tv adalah singkatan dari;ABBR;expansion
apa kepanjangan kata lcd pada layar tv lcd;ABBR;expansion
cctv adalah singkatan dari;ABBR;expansion
robot adalah singkatan dari;ABBR;expansion
apa kepanjangan dari malware;ABBR;expansion
gps merupakan singkatan apa;ABBR;expansion
atam adalah singkatan dari;ABBR;expansion
laser merupakan singkatan untuk;ABBR;expansion
captcha adalah singkatan dari;ABBR;expansion
apa kepanjangan dari sim pada kata sim card;ABBR;expansion
kepanjangan dari chat adalah;ABBR;expansion
apa itu bulan hijriah;DESC;definition
apa itu menit;DESC;definition
apa arti dari itikaf;DESC;definition
apa yang dimaksud dengan anti virus;DESC;definition
apa yang dimaksud dengan vaksin;DESC;definition
apa yang dimaksud dengan anak difabel;DESC;definition
apa yang dimaksud dari rem blong;DESC;definition
apa yang dimaksud dari riba;DESC;definition
apa yang dimaksud dengan bercocok tanam;DESC;definition
apa itu riba;DESC;definition
apa itu sahur;DESC;definition
apa itu puasa;DESC;definition
apa itu ramadhan;DESC;definition
apa itu hijrah;DESC;definition
apa definisi dari hijrah;DESC;definition
apa definisi dari begal;DESC;definition
apa definisi dari berlapang dada;DESC;definition
apa definisi dari jumawa;DESC;definition
apakah definisi dari bermuka dua;DESC;definition
apakah definis dari hoax;DESC;definition
apa arti dari investasi syirkah;DESC;definition
apa arti dari riba;DESC;definition
apa arti dari amal jariyah;DESC;definition
apakah arti dari anak emas;DESC;definition
apakah arti dari jalan sesat;DESC;definition
apa arti triwulan;DESC;definition
apa arti semester;DESC;definition
apa arti karantina;DESC;definition
apakah arti karantina wilayah;DESC;definition
apa arti bajak laut;DESC;definition
apa yang dimaksud dengan pasar modal;DESC;definition
apa maksud saham;DESC;definition
apa yang dimaksud investasi;DESC;definition
apa itu virus corona;DESC;definition
apa pengertian dari amfibi;DESC;definition
apa pengertian mamalia;DESC;definition
apa arti ucapan halo;DESC;definition
apa itu amazone;DESC;definition
apa itu insomnia;DESC;definition
apa itu syirkah dalam islam;DESC;definition
jelaskan perbedaan dekripsi dan definisi;DESC;description
bagaimana al Quran turun ke bumi;DESC;description
apa alasan pemerintah menaikkan pajak impor;DESC;description
apa alasan presiden mengimpor banyak beras;DESC;description
apa alasan bapak itu meninggalkan keluarganya;DESC;description
bagaimana asal usul munculnya air di bumi;DESC;description
bagaimana asal usul punahnya dinosaurus;DESC;description
apa asal usul pengangkapan wnita tersebut;DESC;description
apa asal usul ditemukannya kamera;DESC;description
apa asal usul terjadinya perang dunia kedua;DESC;description
apa asal mula masukna islam di indonesia;DESC;description
bagaimana asal mula berdirinya negara indonesia;DESC;description
bagaimana asal mula ditemukannya komputer;DESC;description
bagaimana asal mula ditemukannya bom atom;DESC;description
bagaimana asal usul diciptakan mobil pertama kali;DESC;description
apa manfaat mesin uap;DESC;description
apa manfaat handphone;DESC;description
apa manfaat daun lidah buaya untuk kesehatan;DESC;description
apa manfaat dari mengonsumsi buah kurma;DESC;description
apa manfaat dari memakan buah di pagi hari;DESC;description
apa manfaat dari mengurangi konsumsi karbohidrat;DESC;description
apa perbedaan antara buah dan sayur;DESC;description
apa perbedaan antara siang dan malam;DESC;description
apa perbedaan antara korsel dan korut;DESC;description
apa perbedaan antara kain wolvis dan kain sutra;DESC;description
apa bedanya komputer desktop dan laptop;DESC;description
apa keunggulan kuliah di luar negeri;DESC;description
apa keunggulan dari mengambil kursus fotografi;DESC;description
apa keunggulan membeli kendaraan di dealer tersebut;DESC;description
apa istimewanya telapak kaki;DESC;description
apa keistimewaan dari hewan gajah;DESC;description
apa saja yang dapat dikerjakan di waktu istirahat;DESC;description
apa yang dapat dikerjakan saat jam makan siang usai;DESC;description
apa yang dilakukan oleh ular saat memangsa buruannya;DESC;description
dari mana asal pribahasa air susu dibalas air tuba;DESC;description
dari mana asal pepatah bersatu teguh bercerai kita runtuh;DESC;description
seperti apa bentuk mata laba laba;DESC;description
seperti apa bentuk kaki dari ular itu;DESC;description
apa yang terjadi saat sebuah perusahaan mengalami kebangkrutan;DESC;description
apa yang terjadi saat tubuh kekurangan asupan air putih;DESC;description
begaimana keadaan di malang setelah banjir surut;DESC;description
bagaimana sejarah berdirinya perusahaan toyota;DESC;description
bagaimana sejarah ditemukannya jam tangan;DESC;description
dari mana datangnya air hujan;DESC;description
apa yang didapatkan saat kita rajin menabung;DESC;description
bagaimana cara membuat kue nastar;DESC;manner
bagaimana cara pergi ke tanah suci;DESC;manner
bagaimana cara membuat tahu;DESC;manner
bagaimana cara membuat semen;DESC;manner
bagaimana mobil dibuat;DESC;manner
bagaimana cara membeli tiket nonton liga inggris;DESC;manner
bagaimana cara mengkaji isi al Quran;DESC;manner
bagaimana cara menurunkan berat badan ;DESC;manner
apa yang harus ditempuh untuk menjaga kesehatan jantung;DESC;manner
apa yang harus dilakukan untuk menghindari diri kita tertular virus;DESC;manner
bagaimana cara membuat akun di facebook;DESC;manner
apa yang harus dilakukan untuk mengatasi haus lapar saat puasa;DESC;manner
bagaimana cara belajar naik motor;DESC;manner
bagaimana cara membuat pengaduan ke polisi;DESC;manner
bagaimana cara melaporkan kasus kriminal ke kantor polisi;DESC;manner
apa yang harus dikerjakan agar menjadi kaya;DESC;manner
apa yang harus dikerjakan untuk mendapat pahala yang banyak;DESC;manner
bagaimana langkah menjadi pengusaha sukses;DESC;manner
bagaimana cara meningkatkan iq;DESC;manner
bagaimana cara menghubungi operator selules;DESC;manner
bagaimana cara menjadi polisi;DESC;manner
bagaimana cara menjadi agen fbi;DESC;manner
bagaimana ita menemukan saham yang syariah;DESC;manner
bagaimana cara membedakan bank konvensional dan syariah;DESC;manner
bagaimana kita membeli rumah;DESC;manner
bagaimana kita bisa naik ke puncak monas;DESC;manner
bagimana proses terjadinya hujan;DESC;manner
bagaimana air muncul di bumi;DESC;manner
bagaimana kita membuat kue tar;DESC;manner
bagaimana kita membuat buku catatan;DESC;manner
bagaimana kita mencari catatan kriminal di internet;DESC;manner
apa langkah yang ditempuh untuk mendapat ijin mendirikan bangunan;DESC;manner
bagaimana awan terbentuk;DESC;manner
bagaimana pelangi terbentuk;DESC;manner
bagaimana badai terjadi;DESC;manner
bagaimana proses terbentuknya awan;DESC;manner
bagaimana proses terjadinya hujan;DESC;manner
bagaimana cara membuat akun baru di twitter;DESC;manner
bagaimana cara mengunduh program photoshop;DESC;manner
bagaimana tanggal pertama bulan ramadhan ditentukan;DESC;manner
bagaimana darah menggumpal;DESC;manner
apa yang menyebabkan lemas saat bangun pagi;DESC;reason
mengapa kita dilarang tidur saat sudah sholat subuh;DESC;reason
mengapa bayam idak boleh dimasak dua kali;DESC;reason
apa yang menyebabkan didi kempot meninggal dunia;DESC;reason
kenapa kita mendengkur saat tidur;DESC;reason
apa yang menyebabkan garam itu asin;DESC;reason
apa yang membuat air jeruk itu asam;DESC;reason
apa yang membuat harga emas selalu naik;DESC;reason
apa yang menyebabkan terjadinya inflasi;DESC;reason
apa yang menyebabkan tornado itu berputar;DESC;reason
apa yang membuat ice cream itu sangat enak;DESC;reason
kenapa sepakbola digemari oleh banyak orang;DESC;reason
kenapa pertandingan basket di amerika sangat terkenal;DESC;reason
kenapa bumi itu berputar;DESC;reason
kenapa warna mata sebagian orang berwarna biru;DESC;reason
kenapa banyak lulusan perguruan tinggi yang menganggur;DESC;reason
kenapa bola lampu dapat mengeluarkan cahaya;DESC;reason
mengapa cahaya dapat menyinari kegelapan;DESC;reason
mengapa bola dibuat dari bahan dasar karet;DESC;reason
mengapa kita berkeringat saat merasa panas;DESC;reason
mengapa rambut pria rontok;DESC;reason
mengapa beberapa sekolah meliburkan muridnya;DESC;reason
mengapa permen banyak disukai oleh anak anak;DESC;reason
mengapa inteligen menyembunyikan identitas mereka;DESC;reason
mengapa lilin membutuhkan sumbu;DESC;reason
apa yang menyebabkan unta tidak minum dalam beberapa hari;DESC;reason
apa yang menyebabkan munculnya sars;DESC;reason
apa yang menyebabkan mobil listrik belum banyak digunakan;DESC;reason
kenapa sinar matahari panas di siang hari;DESC;reason
untuk apa uang kertas dibuat;DESC;reason
untuk apa kita banyak mengonsumsi buah buahan;DESC;reason
untuk apa jas hujan dibuat;DESC;reason
apa yang membuat gula terasa manis;DESC;reason
apa tujuan menempuh pendidikan s2;DESC;reason
apa tujuan diciptakannya motor;DESC;reason
apa tujuan didirikannya lembaga amil zakat;DESC;reason
apa alasan banyak siswa yang tidak semangat belajar;DESC;reason
apa alasan diberlakukannya peraturan ganjil genap;DESC;reason
karena apa pria itu ditangkap polisi;DESC;reason
apa yang menyebabkan gempa bumi;DESC;reason
apa yang menyebabkan besi berkarat;DESC;reason
karena alasan apa wanita itu menghindar;DESC;reason
apa sebab dia terlambat berangkat ke sekolah;DESC;reason
apa sebab ayahnya tidak pergi bekerja;DESC;reason
apa sebab jam tangannya rusak;DESC;reason
apa sebab usahanya belum berkembang;DESC;reason
apa sebab terjadi banjir tiba tiba;DESC;reason
apa sebab makanan mentah tidak boleh dikonsumsi;DESC;reason
apa sebab bumi itu berputar;DESC;reason
apa sebab bisnisnya mengalamai kerugian yang besar;DESC;reason
apa penyebab rumah tersebut kebakaran;DESC;reason
apa penyebab dia dikeluarkan dari sekolah;DESC;reason
apa penyebab ratusan karyawan di pt efg di phk;DESC;reason
apa penyebab cuti nasional tahun ini dihapuskan;DESC;reason
apa penyebab gaji pegawai kantor itu belum dicairkan;DESC;reason
apa penyebab trafik situs ini mengalami penurunan;DESC;reason
kenapa rumah itu roboh;DESC;reason
untuk apa kita menggunakan masker saat bepergian;DESC;reason
untuk apa manusia diciptakan;DESC;reason
untuk apa nyamuk diciptakan;DESC;reason
karena apa dia dikejar oleh warga;DESC;reason
karena apa dia putus sekolah;DESC;reason
hewan apa yang paling besar di bumi;ENTY;animal
hewan apa yang umurnya paling tua;ENTY;animal
hewan apa yang menghasilkan susu yang menyehatkan manusia;ENTY;animal
hewan apa yang tidak boleh dimakan oleh umat muslim;ENTY;animal
hewan apa yang menjadi ikon australia;ENTY;animal
hewan bertanduk apa yang dapat lari cepat;ENTY;animal
hewan yang dapat mengantongi anaknya adalah;ENTY;animal
apa hewan peliraharaan yang paling banyak diindonesia;ENTY;animal
hewan apa yang dipercaya menularkan virus sars;ENTY;animal
hewan apa yang lari lebih cepat, singa atau macan;ENTY;animal
apa jenis hewan yang menularkan virus covid 19;ENTY;animal
apa jenis kuda yang dimiliki prabowo;ENTY;animal
ular jenis apa yang ukurannya besar dan pernah memangsa manusia;ENTY;animal
primata apa yang tidak bisa melompat;ENTY;animal
apa burung negara bagian california;ENTY;animal
ular apa saja yang ada di kebun binatang ragunan;ENTY;animal
binatang apa yang ;ENTY;animal
jenis mamalia apakah keledai;ENTY;animal
jenis binatang apa yang banyak di kamboja;ENTY;animal
binatang apa yang dikonsumsi di cina tidak dikonsumsi di indonesia;ENTY;animal
apa jenis peliharaan yang mudah dipelihara;ENTY;animal
peliharaan apa yang gampang dikembang biakkan;ENTY;animal
apa ikan tercepat di dunia;ENTY;animal
burung apa yang jinak untuk dipelihara;ENTY;animal
reptil apa yang cocok dipelihara di rumah;ENTY;animal
hewan apa yang jinak dipelihara;ENTY;animal
keledai itu jenis mamalia apa;ENTY;animal
hewan apa yang paling cepat di dunia;ENTY;animal
keong apa yang dapat dimakan;ENTY;animal
spesies hewan apakah winnie dalam film winnie the pooh;ENTY;animal
berubah menjadi hewan apakah tongkat nabi musa;ENTY;animal
hewan apa yang melindungin nabi muhammad saat di gua tsur;ENTY;animal
hewan apakah yang di sebut dalam al quran pada surah al-fill;ENTY;animal
hewan apa saja yang di sebut dalam al quran;ENTY;animal
hewan apa yang bisa nya sangat mematikan;ENTY;animal
hewan apa yang racunnya membunuh manusia dalam beberapa menit;ENTY;animal
mana kah yang susunya lebih bergizi, sapi atau kambing;ENTY;animal
hewan apa yang dibuat barbeque;ENTY;animal
hewan apa yang ada dalam logo klub tottenham hotspur;ENTY;animal
hewan ternak apa yang banyak di indonesia;ENTY;animal
organ tubuh apa yang dapat memompa darah;ENTY;body
organ tubuh apa yang dapat melihat;ENTY;body
apa tulang terlemah dalam tubuth;ENTY;body
apa bagian tubuh yang paling lembut;ENTY;body
apa bagian tubuh yang sangat sensitif;ENTY;body
di bagian mana kulit manusia tidak sensitif;ENTY;body
kulit manusia bagian apa yang paling tebal;ENTY;body
di mana rambut tumbuh sangat cepat;ENTY;body
apa yang menghantarkan sperma ke panggul;ENTY;body
bagian tubuh apa yang mengalirkan darah;ENTY;body
apa pembuluh darah utama;ENTY;body
gigi apa yang dapat mengunyah;ENTY;body
organ tubuh apa yang digunakan manusia untuk mendengar;ENTY;body
apa sebutan bagian berwarna pada mata;ENTY;body
organ tubuh apa yang dapat mengecap;ENTY;body
bagian tubuh mana yang dapat merasakan suhu;ENTY;body
bagian tubuh mana yang hangat;ENTY;body
bagian tubuh mana yang paling banyak ditumbuhi rambut;ENTY;body
yang dapat mencium bau bagian tubuh apa;ENTY;body
bagian tubuh apa yang digunakan untuk berjalan;ENTY;body
apa saja warna yang ada pada pelangi;ENTY;color
apa nama lain dari warna merah muda;ENTY;color
apa warna favorit kamu;ENTY;color
apa warna kudi zebra;ENTY;color
kacang berwarna apa;ENTY;color
sapi berwarna apa;ENTY;color
warna apakah sapi itu;ENTY;color
apakah warna mata orang eropa;ENTY;color
apa warna bola tenis;ENTY;color
tinta warna apa yang dipakai untuk cap jempol;ENTY;color
kombinasi warna apakah warna hijau;ENTY;color
apakah warna bendera indonesia;ENTY;color
warna apakah yang paling dominan pada bendera arab saudi;ENTY;color
langit berwarna apa saat sore menjelang magrib;ENTY;color
warna apakah botol kaca pertama coca cola;ENTY;color
warna apakah buah anggur itu;ENTY;color
apa warna khas klub sepakbola chelsea;ENTY;color
warna apakah kartu yang dipakai wasit pada sepakbola;ENTY;color
warna apa yang menandakan bisa jalan pada lampu lalu lintas;ENTY;color
warna apakah yang mengharuskan berhenti di lampu lalu lintas;ENTY;color
warna apakah kopi itu;ENTY;color
susu itu berwarna apa;ENTY;color
warna apa yang menjadi favorit rudi;ENTY;color
apa warna daun pohon mangga;ENTY;color
apa warna daun pohon rambutan;ENTY;color
warna apakah kulit rambutan;ENTY;color
apa warna kulit langsat;ENTY;color
acara tv apa yang menayangkan dude harlino;ENTY;creation
acara tv apa menampilkan ensiklopedia bebas;ENTY;creation
apa acara tv yang tayang setiap jam 2 siang di tvri;ENTY;creation
apa acara tv yang ditayangkan di rcti pada jam 9 pagi;ENTY;creation
film apa yang dibintangi jackie chan;ENTY;creation
film apa yang menceritakan kisah 2 kerajaan yang bermusuhan;ENTY;creation
film apa yang meraih penghargaan film terbaik tahun ini;ENTY;creation
apa film yang pernah dibintangi andre taulani;ENTY;creation
apa film yang menceritakan kisah anak kecil yang sekolah di belitung;ENTY;creation
Apa buku paling populer Dr. Seuss;ENTY;creation
Apa buku terlaris sepanjang masa;ENTY;creation
Apa buku James Michener yang berjudul Refleksi Spanyol;ENTY;creation
Pada acara T.V. apa Tom Terrific dapat ditemukan;ENTY;creation
Majalah olahraga apa yang memiliki sirkulasi terbesar;ENTY;creation
Apa buku Lewis yang memperkenalkan Humpty kepada dunia;ENTY;creation
Apa film 1950 yang memenangkan tujuh Oscar;ENTY;creation
Apa film 1964 yang memperkenalkan lagu My Kind of Town;ENTY;creation
Apa film 1965 yang diperankan Jack Lemmon sebagai kartunis;ENTY;creation
Apa film Jude Law;ENTY;creation
Apa film pertama Mel Gibson;ENTY;creation
Apa nama acara anak dari Canadian TV dengan nyanyian nanas;ENTY;creation
Apa nama acara televisi itu;ENTY;creation
Apa nama album baru Jamiroquai;ENTY;creation
Apa nama buku yang ditulis oleh Aaron Hass;ENTY;creation
Apa nama lukisan Michelangelo yang menunjukkan sentuhan jari;ENTY;creation
Apa nama sitkom yang Alyssa Milano bintangi dengan Tony Danza;ENTY;creation
Apa nama surat kabar Salt Lake City;ENTY;creation
Apa nama surat kabar Tampa;ENTY;creation
Apa novel Erica Jong yang berkaitan dengan ketakutan Isadora;ENTY;creation
Apa novel Ernest Hemingway yang memiliki judul kerja Fiesta;ENTY;creation
Apa novel Frederick tentang penggulingan pemerintah Afrika;ENTY;creation
Apa novel Grace tahun 1956 yang ada dalam daftar buku terlaris ;ENTY;creation
Apa permainan bahasa Inggris pertama yang ditulis khusus untuk anak;ENTY;creation
Apa permainan penuh panjang pertama Edward Albee;ENTY;creation
Apa permainan Shakespeare yang menampilkan Shylock;ENTY;creation
apa nama kitab suci umat muslim;ENTY;creation
Apa serial TV Inggris yang menampilkan Emma Peel;ENTY;creation
Apa serial TV Inggris yang menginspirasi All in the Family;ENTY;creation
Apa soundtrack televisi terlaris sepanjang masa;ENTY;creation
Apa yang ditulis andrea hirata;ENTY;creation
Apa yang ditulis novel John Steinbeck tentang keluarga Joad;ENTY;creation
Buku apa yang berjudul Pelestarian Ras untuk Kehidupan;ENTY;creation
Buku apa yang ditulis Aaron Hass;ENTY;creation
Buku apa yang merupakan kelanjutan dari Future Shock;ENTY;creation
Surat kabar apa yang melayani Salt Lake City;ENTY;creation
Surat kabar apa yang mengembalikan Hadiah Pulitzer;ENTY;creation
Apa yang ditulis Shostakovich untuk Rostropovich;ENTY;creation
Apa yang ditulis Thomas Paine;ENTY;creation
apa mata uang cina;ENTY;currency
apa mata uang indonesia;ENTY;currency
apa mata uang malaysia;ENTY;currency
apa mata uang belgia;ENTY;currency
uang apa yang digunakan di rusia;ENTY;currency
jenis uang apa yang berlaku di india;ENTY;currency
mata uang apa yang digunakan australia;ENTY;currency
mata uang apa yang berlaku di jepang;ENTY;currency
mata uang apa yang digunakan australia;ENTY;currency
mata uang apa yang berlaku di banyak negara di eropa;ENTY;currency
apa mata uang yang digunakan di belanda;ENTY;currency
apa mata uang yang berlaku di sini;ENTY;currency
apa mata uang yang digunakan di taiwan;ENTY;currency
virus apa yang telah membunuh puluhan ribu manusia di dunia tahun 2020;ENTY;dismed
apa istilah medis untuk kanker paru paru;ENTY;dismed
apa istilah medis mata minus;ENTY;dismed
apa istilah lain sindrom pergelangan tangan yang menyakitkan;ENTY;dismed
apa obat anti AIDS yang umum;ENTY;dismed
obat apa yang dapat diminum untuk menurunkan demam anak;ENTY;dismed
obat apa untuk mengatasai diare;ENTY;dismed
apa nama obat yang dapat menyembuhkan sakit kepala sebelah;ENTY;dismed
apa istilah lain dari sakit kepala sebelah;ENTY;dismed
apa itu penyakit buta warna;ENTY;dismed
bagaimana cara menurunkan demam pada anak;ENTY;dismed
apa nama medis dari mual mual;ENTY;dismed
apa saja gejala demam berdara;ENTY;dismed
apa saja gejala hiv;ENTY;dismed
apa gejala yang dialami penderita leukimia;ENTY;dismed
penyakit seperti apakah emboli paru itu;ENTY;dismed
penyakit seperti apakah flu babi itu;ENTY;dismed
apa sindrom alergi susu sapi;ENTY;dismed
sakit pada bagian tubuh manakah maag itu;ENTY;dismed
obat apa yang cocok dikonsumsi penderita maag;ENTY;dismed
apa nama penyakit mematikan yang ditularkan oleh burung;ENTY;dismed
apa istilah medis sakit perut;ENTY;dismed
apa istilah medis rabun jauh;ENTY;dismed
apa istilah medis rabun dekat;ENTY;dismed
apa nama obat untuk penyakit malaria;ENTY;dismed
apa nama obat untuk penyakit maag;ENTY;dismed
peristiwa apa yang terjadi pada 1 januri 1980;ENTY;event
peristiwa apa yang terjadi pada bulan mei 2000;ENTY;event
peristiwa apakah yang terjadi di amerika pada april 2002;ENTY;event
tragedi apa yang melanda kota Istanbul pada tahun 1923;ENTY;event
tragedi apa yang melanda kota Dogtown pada tahun 1899;ENTY;event
apa nama peristiwa dimana banyak wanita terbunuh pada 1999;ENTY;event
perang saudara apa yang terjadi antara tahun 1936 hingga 1939;ENTY;event
perang apa yang diperjuangkan spanyol dan filipina;ENTY;event
fenomena apa yang terjadi pada tahun 1900;ENTY;event
fenomena apa yang terjadi di tahun 1800;ENTY;event
pada perang apa muhammad al fatih menjadi komandan;ENTY;event
apa nama perang yang dipimpin rasulullah pada tahun kedua hijriah;ENTY;event
apa nama perang yang dipimpin imam bonjol;ENTY;event
konferensi apa yang digelar setiap bulan februari di new york;ENTY;event
apa nama konferensi untuk penelitian bidang teknologi nuklir;ENTY;event
apa nama konferensi yang mempertemukan peneliti bahasa se dunia;ENTY;event
apa nama kegiatan yang digelar pemerintah setiap 17 agustus;ENTY;event
kegiatan apa yang dipimpin oleh presiden di bulan agustus;ENTY;event
apa yang terjadi pada 15 januari 1700 di amerika;ENTY;event
peringatan apa yang dirayakan buruh di indonesia pada bulan mei;ENTY;event
hari raya apa yang diperingati umat muslim sedunia pada tanggal 1 syawal;ENTY;event
apa yang diperingati muslim pada tanggal 10 dzulhijjah;ENTY;event
apa nama kegiatan ibadah umat muslim di kota suci makkah;ENTY;event
apa yang diselenggarakan di italia di tanggal 1 januari;ENTY;event
apa nama kegiatan yang diselenggarakan di jakarta tanggal 13 januari;ENTY;event
apa nama pesta rakyat yang digelar 5 tahun sekali;ENTY;event
peristiwa apa yang melibatkan rasulullah pada tahun kelima hijriah;ENTY;event
apa saja buah yang dianjurkan untuk dimakan saat buka puasa;ENTY;food
apa makanan yang wajib dikonsumsi penderita gula darah;ENTY;food
apa menu sahur yang baik untuk kesehatan;ENTY;food
makanan apa yang baik untuk kesehatan mata;ENTY;food
makanan apa yang cocok untuk penderita gula darah;ENTY;food
makanan apa yang mengandung banyak gizi;ENTY;food
makanan apa yang baik dikonsumsi saat sarapan;ENTY;food
makanan apa yang memberi asupan kalori yang tinggi;ENTY;food
minuman apa yang baik untuk membantu pencernaan makanan;ENTY;food
minuman apa yang terbuat dari air tebu;ENTY;food
minuman apa yang tidak dianjurkan dikonsumsi penderita maag;ENTY;food
buah apa yang memiliki kandungan vitamin c yang banyak;ENTY;food
buah apa yang disukai oleh anak anak;ENTY;food
buah apa yang bagus untuk mata;ENTY;food
buah apa yang dapat meningkatkan kinerja otak;ENTY;food
buah apa yang mengandung vitamin b12 yang tinggi;ENTY;food
buah apa yang paling mudah untuk ditanam;ENTY;food
buah apa yang memiliki kandungan vitamin k;ENTY;food
buah apa yang airnya dapat menetralisir racun dalam tubuh;ENTY;food
sayuran apa yang mengandung banyak gizi;ENTY;food
apa minuman favorit anak itu;ENTY;food
apa makanan favorit anak tersebut;ENTY;food
apa saja minuman favorit dia;ENTY;food
apa yang dimakan pinguin;ENTY;food
apa yang dimakan oleh sapi;ENTY;food
tumbuhan apa yang dimakan domba;ENTY;food
apa makanan tradisioanl yogyakarta;ENTY;food
apa makanan tradisional medan;ENTY;food
apa makanan khas bandung;ENTY;food
apa makanan khas yang dapat dijumpai di jepang;ENTY;food
apa minuman yang memiliki kafein yang tinggi;ENTY;food
apa makanan yang dapat menutrisi tulang;ENTY;food
apa minuman yang dapat menyehatkan jantung;ENTY;food
apa makanan yang digemari raja raja jaman dulu;ENTY;food
apa alat musik yang dipetik;ENTY;instrument
apa alat musik yang dipukul;ENTY;instrument
alat musik apa yang ditiup;ENTY;instrument
alat musik apa yang dipetik;ENTY;instrument
apa alat musik tradisional jepang;ENTY;instrument
apa alat musik tradisional suku bugis;ENTY;instrument
apa bahasa negara mesir;ENTY;language
apa bahasa negara kanada;ENTY;language
apa bahasa resmi inggris;ENTY;language
apa bahasa resmi swedia;ENTY;language
apa bahasa resmi vietnam;ENTY;language
apa bahasa yang digunakan di indonsia;ENTY;language
apa bahasa yang digunakan di jepang;ENTY;language
apa bahasa yang dipakai di singapura;ENTY;language
apa bahasa yang dipakai di taiwan;ENTY;language
apa bahasa daerah makassar;ENTY;language
bahasa apa yang paling banyak digunakan di dunia;ENTY;language
bahasa apa yang paling susah untuk dipelajari;ENTY;language
bahasa apa yang umum digunakan di belgia;ENTY;language
bahasa apa yang digunakan suku dayak;ENTY;language
apa nama bahasa yang digunakan penduduk brasil;ENTY;language
apa nama bahasa negara myanmar;ENTY;language
bahasa apa yang digunakan di afganistan;ENTY;language
apa alfabet untuk bahasa latin;ENTY;letter
apa huruf yang berada di sebelah huf r pada keyboard komputer;ENTY;letter
apa huruf pertama dalam abjad;ENTY;letter
apa huruf terakhir di abjad;ENTY;letter
apa saja huruf vokal itu;ENTY;letter
Apa bagian tertinggi di papan catur;ENTY;entyother
Apa bentuk jembatan yang paling populer;ENTY;entyother
Apa bentuk sepakbola seperti yang dinyatakan dalam buku NFL;ENTY;entyother
Apa contoh indikator asam-basa alami;ENTY;entyother
Apa ekspor komoditas utama Grenada;ENTY;entyother
Apa empat bentuk emas yang ada;ENTY;entyother
Apa fasilitas rumah tangga berisi bola apung;ENTY;entyother
Apa format kompetisi utama VHS;ENTY;entyother
Apa format kompetisi utama dari VHS;ENTY;entyother
Apa hal terbesar yang dibuat manusia;ENTY;entyother
Apa hal terkecil yang terlihat di bawah mikroskop terkuat;ENTY;entyother
Apa hubungan antara New Krypton dan Daxam;ENTY;entyother
Apa itu batu kelahiran November;ENTY;entyother
Apa itu batu permata April;ENTY;entyother
Apa itu yang berjalan dengan empat kaki;ENTY;entyother
Apa jenis jembatan Golden Gate Bridge;ENTY;entyother
Apa jenis polusi air yang ada;ENTY;entyother
Apa kursi yang terikat takut basophilic;ENTY;entyother
Apa maskot untuk Notre Dame University;ENTY;entyother
Apa itu koin langka;ENTY;entyother
Apa nama lapangan golf di Pantai Myrtle;ENTY;entyother
Apa nama keseluruhan untuk Dungri;ENTY;entyother
apa nama lapangan manchester united;ENTY;entyother
Apa prestasi Richard Nixon;ENTY;entyother
Apa saja jenis-jenis plastik;ENTY;entyother
Apa saja tahapan perkembangan perenang;ENTY;entyother
Apa saja uang kertas berbulu di perdagangan bulu;ENTY;entyother
Apa suara bernada tinggi yang Anda dengar di telinga setiap saat;ENTY;entyother
Apa sumber daya Nebraska yang paling berharga;ENTY;entyother
Apa yang bisa dilihat di Reims;ENTY;entyother
Apa yang bisa ditawarkan satelit komunikasi kepada kapal pesiar;ENTY;entyother
Apa yang diinginkan oleh seorang dipsomaniac;ENTY;entyother
Apa yang dipasang dokter hewan di sepatu mereka;ENTY;entyother
Apa yang dikenakan Warlock di dahinya dalam komik Marvel;ENTY;entyother
Apa yang dikoleksi oleh ahli deltiologi;ENTY;entyother
Apa yang dimainkan Benny Carter;ENTY;entyother
Apa yang dimainkan The Gas House Gang;ENTY;entyother
Apa yang disimpan unta di punuknya;ENTY;entyother
Jenis kelamin apa yang ditolak hak pilihnya di Kuwait;ENTY;entyother
Apa yang terjadi setelah kematian;ENTY;entyother
Apa pohon negara Nebraska;ENTY;plant
Apa saja bunga berwarna-warni yang mekar di musim gugur;ENTY;plant
Apa saja flora asli Australia;ENTY;plant
Apa tanaman yang memiliki benih terbesar;ENTY;plant
Apa tanaman umum yang memiliki tombol;ENTY;plant
Apa tanaman yang paling banyak dibudidayakan;ENTY;plant
Bunga apa yang dilukis Vincent Van Gogh;ENTY;plant
bunga apa yang harum baunya;ENTY;plant
bunga apa yang sering dipakai untuk hiasan hadiah;ENTY;plant
tanaman apa yang ditemukan dimuara;ENTY;plant
tanaman apa yang mudah untuk dibudidayakan;ENTY;plant
Jenis bunga apa yang dibesarkan oleh detektif Nero Wolfe;ENTY;plant
Jenis pohon apa yang menghiasi bendera Libanon;ENTY;plant
apa nama merek komputer yang paling pertama diproduksi;ENTY;product
apa nama merek kendaraan motor yang berasal dari jepang;ENTY;product
apa nama merek pizza yang terkenal;ENTY;product
apa nama merek mobil termahal di dunia;ENTY;product
apa merek yang memproduksi produk olahraga;ENTY;product
apa merek yang memproduksi kendaraan;ENTY;product
apa merek yang memproduksi perangkat lunak;ENTY;product
apa handphone termahal didunia;ENTY;product
apa mobil tercepat di dunia;ENTY;product
apa laptop termahal saat ini;ENTY;product
apa merk handphone produksi cina;ENTY;product
apa processor tercepat saat ini;ENTY;product
merk baju pria apa yang paling laku di jerman;ENTY;product
sabun apa yang dapat membunuh paling banyak bakteri;ENTY;product
produk apa yang paling banyak dibeli ibu rumah tangga;ENTY;product
produk apa yang diproduksi oleh perusahaan apple;ENTY;product
produk apa yang diproduksi microsoft;ENTY;product
produk apa yang dibuat oleh adidas;ENTY;product
produk minuman apa yang paling laris di dunia;ENTY;product
produk makanan apa yang sangat terkenal di seluruh dunia;ENTY;product
apa produk elektronik yang paling banyak dibeli;ENTY;product
apa produk kecantikan yang diprioritaskan wanita;ENTY;product
apa agama yang dibawakan oleh nabi Muhammad SAW;ENTY;religion
agama apa yang mewajibkan berpuasa di bulan ramadhan;ENTY;religion
agama apa yang memiliki populasi terbanyak didunia ini;ENTY;religion
agama apa yang mengalami pertumbuhan yang paling cepat;ENTY;religion
apa dua agama yang memmiliki penganut terbanyak di dunia;ENTY;religion
olahraga apa yang melibatkan 22 pemain;ENTY;sport
apa olahraga yang digeluti valentino rossi;ENTY;sport
bambang pamungkas terkenal di bidang olahraga apa;ENTY;sport
olahraga apa yang diadakan di dalam air;ENTY;sport
olahraga apa yang mengangkat beban yang berat ;ENTY;sport
olahraga apa yang terkenal di inggris;ENTY;sport
olahraga apa yang dimainka robin van persie;ENTY;sport
olahraga apa yang memiliki jumlah peserta terbanyak;ENTY;sport
olahraga apa yang disiarkan di tvri;ENTY;sport
olahraga apa yang menggunakan papan berwarna hitam dan putih;ENTY;sport
jenis olahraga apa yang dimainkan pada abad 18;ENTY;sport
jenis olahraga apa yang berlomba di atas air;ENTY;sport
jenis olahraga apa yang paling banyak membakar kalori;ENTY;sport
jenis olahraga apa yang menggunakan kekuatan otot tangan;ENTY;sport
permainan apa yang menggunakan papan lipat;ENTY;sport
pertandingan apa yang mempertemukan dua kesebelasan;ENTY;sport
pertandingan apa yang ditonton puluhan ribu penonton;ENTY;sport
apa yang dipertandingkan di stadion wembley;ENTY;sport
permainan kartu apa yang dapat dimainkan empat orang;ENTY;sport
permainan papan apa yang membutuhkan perancangan startegi;ENTY;sport
permainan bola apa yang meggunakan tangan;ENTY;sport
permainan bola apa yang menggunakan kekuatan kaki;ENTY;sport
jenis olahraga apa yang paling digemari oleh laki laki;ENTY;sport
jenis olahraga apa yang aman untuk anak anak;ENTY;sport
apa bahan utama agar agar;ENTY;substance
apa bahan utama yogurt itu;ENTY;substance
apa bahan utama minuman coca cola;ENTY;substance
Terbuat dari apa kuku jari;ENTY;substance
Terbuat dari apa softball;ENTY;substance
Terbuat dari apa Taj Majal;ENTY;substance
Terbuat dari apa uang itu;ENTY;substance
Terbuat dari apakah bintang-bintang itu;ENTY;substance
Terbuat dari apakah bola super itu;ENTY;substance
Terbuat dari apakah Jell-O;ENTY;substance
Terbuat dari apakah kertas pada akhir abad ke-16;ENTY;substance
Terbuat apakah kaca itu;ENTY;substance
Terdiri dari apa air liur;ENTY;substance
Molekul apa yang termasuk fluor;ENTY;substance
Apa zat yang memberi rasa pada makanan saat dimakan;ENTY;substance
Apa senyawa paling umum di dunia;ENTY;substance
Apa substansi kedua yang paling sulit;ENTY;substance
Apa substansi tersulit dalam tubuh manusia;ENTY;substance
Apa unsur paling melimpah di matahari;ENTY;substance
apa bahan bakar yang digunakan motor;ENTY;substance
Bahan bakar apa yang digunakan pesawat terbang;ENTY;substance
Bahan bakar apa yang digunakan penghuni rawa untuk memotong;ENTY;substance
apa bahan bakar yang dipakai mesin sepeda motor;ENTY;substance
Apa elemen paling umum di air laut;ENTY;substance
Apa elemen paling umum yang ada di kerak bumi;ENTY;substance
apa bahan kimia yang berbahaya bagi kulit;ENTY;substance
apa bahan kimia yang mudah meledak;ENTY;substance
bahan kimia apa yang dipakai pada cat besi;ENTY;substance
bahan kimia apa yang tidak boleh disentuh;ENTY;substance
apa nama bahan kimia yang dapat mengurai besi;ENTY;substance
apa simbol untuk tanda dilarang masuk;ENTY;symbol
Apa simbol celtic untuk hidup;ENTY;symbol
Apa simbol kimia untuk nitrogen;ENTY;symbol
Apa simbol kimi besi;ENTY;symbol
apa simbok kemia emas;ENTY;symbol
apa simbol kirim dari perak;ENTY;symbol
apa simbol untuk tanda dilarang parkir;ENTY;symbol
simbol apa yang dipakai untuk perintah dilarang masuk;ENTY;symbol
simbol apa yang digunakan saat pasukan dalam perang menyerah;ENTY;symbol
apa rumus fisika untuk menghitung nilai kelembaban;ENTY;symbol
apa rumus untuk menghitung kekuatan sinyal;ENTY;symbol
apa rumus yang digunakan untuk menghitung kekuatan kata dalam kalimat;ENTY;symbol
apa tanda yang dipakai untuk perintah dilarang berhenti;ENTY;symbol
apa tanda yang dipakai untuk dilarang parkir;ENTY;symbol
apa tanda yang digunakan untuk dilarang berhenti;ENTY;symbol
Apa cara yang benar untuk memasang gulungan kertas toilet;ENTY;technique
Apa cara mudah untuk menghitung perkiraan jumlah ikan di danau;ENTY;technique
Apa cara yang paling efisien untuk memasak barbeque;ENTY;technique
Apa cara terbaik untuk bepergian di Jepang;ENTY;technique
Apa cara terbaik untuk mengatasi rasa takut;ENTY;technique
Apa cara terbaik untuk menghapus wallpaper;ENTY;technique
Apa cara terbaik untuk menghilangkan lemak di bawah dagu anda;ENTY;technique
Apa cara terbaik untuk meningkatkan moral karyawan;ENTY;technique
Apa cara tercepat dan termudah untuk menghilang kancat kuku;ENTY;technique
bagaimana teknik menghasilkan uang dari youtube;ENTY;technique
bagaimana teknik menghasilkan uang di internet;ENTY;technique
bagaimana teknik menyeterika pakaian yang cepat;ENTY;technique
bagaimana teknik membedakan buah yang manis dan tidak;ENTY;technique
bagaimana teknik mengecat rumah yang baik;ENTY;technique
bagaimana teknik belajar naik mobil;ENTY;technique
apa teknik mengendarai motor yang baik;ENTY;technique
apa teknik mencari sumber air;ENTY;technique
apa manuver Muhammad Ali yang membuat George menjadi korban pertama;ENTY;technique
bagaimana teknik dribling yang benar;ENTY;technique
Apa istilah geografis untuk pinggiran benua;ENTY;term
Apa istilah menghina yang diterapkan pelukis Monet;ENTY;term
Apa istilah sastra untuk permainan kata-kata;ENTY;term
Apa istilah untuk deposit batu kapur yang naik dari lantai gua;ENTY;term
Apa istilah untuk figur empat sisi;ENTY;term
Apa istilah untuk jumlah semua materi genetik dalam organisme tertentu;ENTY;term
Apa istilah untuk organisme yang hidup atau yang lain;ENTY;term
Apa istilah untuk perilaku;ENTY;term
Apa istilah untuk rubah muda;ENTY;term
Apa istilah untuk sekelompok angsa;ENTY;term
Apa istilah untuk seseorang yang membenci umat manusia;ENTY;term
Apa istilah untuk sisi gunung yang menghadapi angin;ENTY;term
Apa istilah untuk taruhan sebelum kartu dibagikan;ENTY;term
dikenal sebegai apa huruf huruf dalam al quran;ENTY;term
Apa istilah yang menggambarkan kebahagiaan seseorang;ENTY;term
Apa nama lain untuk aspartame;ENTY;term
Apa nama lain untuk Jerman Barat;ENTY;term
Apa nama lain untuk rabun jauh;ENTY;term
Mississippi dijuluki apa;ENTY;term
Apa nama lama Zimbabwe;ENTY;term
Apa nama mitra Islam Palang Merah;ENTY;term
Apa nama mitra wanita untuk El Nino;ENTY;term
Apa nama panggilan orang-orang Indian Cleveland;ENTY;term
Apa nama pemain Craps;ENTY;term
Apa nama seni menanam pohon miniatur;ENTY;term
Apa nama umum pohon kurcaci Jepang;ENTY;term
Apa nama umum untuk asam asetilsalisilat;ENTY;term
Apa nama untuk awan yang menghasilkan hujan;ENTY;term
Apa nama yang diberikan kepada mitra Islam Palang Merah;ENTY;term
Apa persamaan Islam dari Palang Merah;ENTY;term
Apa yang orang Italia sebut Florence;ENTY;term
Apa yang orang Jepang sebut Japan;ENTY;term
Apa yang orang Prancis sebut La Manche;ENTY;term
Disebut apakah kotoran dinosaurus;ENTY;term
sepeda motor apa yang banyak digunakan di thailand;ENTY;vehicle
sepeda motor apa yang penjualannya paling laris;ENTY;vehicle
apa sepeda motor yang pertama memakai sistem abs;ENTY;vehicle
apa sepeda motor termahal di indonesia;ENTY;vehicle
apa sepeda motor yang pertama di india;ENTY;vehicle
apa nama sepeda motor yang paling murah;ENTY;vehicle
apa nama kapal yang tenggelam di samudera hindia;ENTY;vehicle
apa nama kapal yang paling besar di dunia;ENTY;vehicle
kapan apa yang lajunya paling cepat;ENTY;vehicle
kapal apa yang digunakan nabi nuh;ENTY;vehicle
apa nama kapal nabi nuh;ENTY;vehicle
kendaraan apa yang paling banyak di sini;ENTY;vehicle
kendaraan apa yang banyak dibeli warga brasil;ENTY;vehicle
kendaraan apa yang paling cepat di dunia;ENTY;vehicle
mobil apa yang produknya paling laris;ENTY;vehicle
mobil apa yang modelnya sangat terbatas;ENTY;vehicle
mobil apa yang digunakan presiden;ENTY;vehicle
apa mobil pertama yang di jual di eropa;ENTY;vehicle
apa mobil pertama yang diproduksi;ENTY;vehicle
apa nama pesawat yang kapasitasnya lebih dari 200 orang;ENTY;vehicle
pesawat apa yang melayani rute singapura bali;ENTY;vehicle
Apa nama pesawat luar angkasa kedua;ENTY;vehicle
Apa nama kapal induk Angkatan Laut AS;ENTY;vehicle
Apa kapal laut yang terbakar di pelabuhan Hong Kong;ENTY;vehicle
Apa nama pesawat luar angkasa kedua;ENTY;vehicle
Jenis kapal selam apa yang dibeli oleh Korea Selatan;ENTY;vehicle
Pesawat mana yang dibajak Fawaz Younis;ENTY;vehicle
Apa nama kapal pesiar Aristoteles Onassis;ENTY;vehicle
apa kata terpanjang dalam bahasa indonesia;ENTY;word
apa kata terpendek dalam bahasa indonesia;ENTY;word
apa kata terpanjang pada bahasa inggris;ENTY;word
apa kata terpendek pada bahasa rusia;ENTY;word
apa kata lain dari pintar;ENTY;word
apa kata lain dari cerdas;ENTY;word
apa kata lain dari meminang;ENTY;word
apa kata lain dari menyayangi;ENTY;word
apa kata lain dari mengunyah;ENTY;word
apa antonim dari cerdas;ENTY;word
apa antonim dari pulang;ENTY;word
apa antonim dari masuk;ENTY;word
apa antonim dari panjang;ENTY;word
apa antonim pendek;ENTY;word
apa antonim dekat;ENTY;word
apa antonim jauh;ENTY;word
apa sinonim dari pintar;ENTY;word
apa sinonim dari gagah;ENTY;word
apa sinonim dari dermawan;ENTY;word
apa sinonim kata bisa;ENTY;word
apa sinonim mampu;ENTY;word
kata apa yang banyak mengandung huruf a;ENTY;word
kata apa yang banyak mengandung huruf n;ENTY;word
kata apa yang paling banyak digunakan;ENTY;word
Siapakah John Macarthur;HUM;humdescription
Siapakah Johnny Carson;HUM;humdescription
Siapakah Langston Hughes;HUM;humdescription
Siapakah Maria Theresa;HUM;humdescription
Siapakah Nicolo Paganini;HUM;humdescription
Siapakah Pangeran Naseem Hamed;HUM;humdescription
Siapakah Peter Weir;HUM;humdescription
Siapakah Quetzalcoatl;HUM;humdescription
Siapakah Red Grange;HUM;humdescription
Siapakah Robin Williams;HUM;humdescription
Siapakah Samuel F. Pickering;HUM;humdescription
Siapakah Samuel Pickering;HUM;humdescription
Siapakah Santos-Dumont;HUM;humdescription
Siapakah Shirley MacLaine;HUM;humdescription
Siapakah Stein Eriksen;HUM;humdescription
Siapakah Stephen Hawking;HUM;humdescription
Siapakah Thucydides;HUM;humdescription
Siapakah Whitcomb Judson?;HUM;humdescription
Siapakah William Henry Harrison;HUM;humdescription
Siapakah William Wordsworth;HUM;humdescription
Siapakah Zebulon Pike;HUM;humdescription
Siapa itu Coronado;HUM;humdescription
Siapa itu Darius;HUM;humdescription
Siapa itu Desmond Tutu;HUM;humdescription
Siapa itu Ezra Taft Benson;HUM;humdescription
Siapa Ismael di Moby Dick;HUM;humdescription
Siapa itu Damocles;HUM;humdescription
Siapa itu Konfusius;HUM;humdescription
Siapa itu Monet;HUM;humdescription
Siapa itu Lacan;HUM;humdescription
Siapa itu Picasso;HUM;humdescription
Siapa itu Terrence Malick;HUM;humdescription
Siapakah Barbara Jordan;HUM;humdescription
Siapakah Buffalo Bill;HUM;humdescription
Siapakah Charles Lindbergh;HUM;humdescription
Siapakah Colin Powell;HUM;humdescription
Siapakah Count Cinzano;HUM;humdescription
Siapakah Edmund Kemper;HUM;humdescription
Siapakah Henry Butler;HUM;humdescription
Siapa itu bambang;HUM;humdescription
Organisasi apa yang didirikan oleh juan mata;HUM;group
Organisasi apa yang memiliki Dewan Keamanan;HUM;group
Organisasi apa yang menjadi bagian dari Dewan Keamanan;HUM;group
Organisasi internasional apa yang didirikan oleh Clara Barton;HUM;group
Organisasi mana yang merupakan bagian dari Dewan Keamanan;HUM;group
Organisasi seperti apa who itu;HUM;group
apa nama organisasi kemanusiaan yang menyalurkan logistik ke palestina;HUM;group
apa nama organisasi kesehatan dunia;HUM;group
apa nama organisasi yang mengeluarkan fatwa islam di indonesia;HUM;group
partai apa yang memenangkan pemilu 2019;HUM;group
partai apa yang tidak lolos tahun ini;HUM;group
partai politik apa yang paling banyak duduk di parlemen;HUM;group
apa partai politik yang didirikan tahun 2000;HUM;group
perusahaan apa yang memproduksi prosesor komputer;HUM;group
perusahaan apa yang membuat mesin pesawat terbang;HUM;group
perusahaan apa yang fokus pada pengembangan software;HUM;group
apa perusahaan yang memproduksi bahan makanan;HUM;group
apa nama perusahaan yang memproduksi alat alat tulis;HUM;group
sebutkan salah satu perusahaan pembuat kamera;HUM;group
maskapai apa yang beroperasi pada penerbangan internasional;HUM;group
apa nama maskapai penerbangan domestik;HUM;group
apa nama kelompok nasyid adam;HUM;group
apa nama tim sepakbola wayne rooney;HUM;group
apa nama tim juan mata;HUM;group
apa nama tim michael jordan;HUM;group
apa perguruan tinggi terbaik di dunia;HUM;group
perguruan tinggi apa yang fokus pada sains komputer;HUM;group
apa nama kampus terbaik di indonesia;HUM;group
apa nama komunitas dakwah jalanan di bandung;HUM;group
apa nama komunitas pecinta hewan yang bermarkas di jogja;HUM;group
Kelompok apa yang di dalamnya termasuk Abbey Hoffman;HUM;group
Kelompok etnis apa yang memperkenalkan ide potlatch;HUM;group
Perusahaan apa yang merupakan pembuat kapal terbesar;HUM;group
Perusahaan apa yang mulai membuat pai;HUM;group
Tim bisbol Liga apa yang mempekerjakan 72 pemainnya;HUM;group
apa nama kelompok perkumpulan ibu obu di kompleks abc;HUM;group
apa nama kelompok geng motor yang meresahkan warga;HUM;group
tim apa yang menjuarai liga champion 5 kali;HUM;group
tim apa yang berhasil lolos liga eropa untuk pertama kalinya;HUM;group
di tim mana cristiano ronaldo bermain;HUM;group
apa nama kelompok mancing ayah kamu;HUM;group
kampus apa yang memiliki mahasiswa terbanyak;HUM;group
apa universitas terbaik di jepang;HUM;group
universitas apa yang terbaik di inggris;HUM;group
Apa lima kelompok Usenet paling populer;HUM;group
logo perusahaan apa yang ada W dalam lingkaran;HUM;group
apa nama tim iker casillas;HUM;group
apa nama yayasan yang menampung penerimaan zakat;HUM;group
apa nama yayasan yang memberi kursus bahasa secara gratis;HUM;group
partai apa yang menjadi oposisi;HUM;group
partai apa yang gagal lolos di pemilu tahun ini;HUM;group
komunitas apa yang menjadi tempat berkumpulnya pecinta motor;HUM;group
apa nama komunitas pecinta barang antik;HUM;group
apa nama komunitas yang mempertemukan pecinta mobil antik;HUM;group
milik siapa buku yang ada di meja itu;HUM;individual
Beri nama anak yang ditinggalkan di ambang pintu tersebut;HUM;individual
Beri nama Empat Penunggang Kuda di film itu;HUM;individual
Beri nama karakter On Stage yang wajahnya tidak pernah terlihat;HUM;individual
Beri nama pematung buta yang karyanya sangat mendunia;HUM;individual
Beri nama pemimpin mayoritas Senat A.S. dan Ketua Dewan;HUM;individual
Beri nama pencipta The Muppets;HUM;individual
Beri nama Ranger yang selalu mengejar Yogi Bear;HUM;individual
Beri nama skater sosok perempuan;HUM;individual
Beri nama warga negara swasta pertama yang terbang di angkasa;HUM;individual
Biografi aktris siapa yang berjudul Shelley Also known as Shirley;HUM;individual
Biografi siapa oleh Maurice Zolotow yang berjudul Shooting Star;HUM;individual
Dalam 8 tahun terakhir siapa yang memiliki MVP untuk NHL;HUM;individual
Dalam film Groundshog apa nama karakter yang dimainkan Andie;HUM;individual
Dengan siapa Bush membandingkan Saddam Hussein;HUM;individual
Di pangkuan Raja Inggris siapa P.T. Barnum's Tom Thumb duduk;HUM;individual
Karakter apa dalam Hillbillies yang diberi nama Daisy Moses;HUM;individual
Karakter apa yang menceritakan Treasure Island;HUM;individual
Karakter apa yang pertama kali diciptakan Tex di MGM;HUM;individual
Karakter cerdas apa yang bisa dimainkan Maurice di The Show;HUM;individual
Karakter fiksi apa yang dikenal sebagai Dane yang melankolis;HUM;individual
Karakter TV apa yang ADA seekor kuda bernama Thunder;HUM;individual
Kepada siapa Garrett Morgan menikah;HUM;individual
Kepada siapa Herb dan Tootsie tinggal bersebelahan;HUM;individual
Kepada siapa Richard Nixon mengajukan pengunduran dirinya;HUM;individual
Manakah dari aktor berikut ini yang bekerja di Theatre York;HUM;individual
Manakah dari berikut ini adalah Rhodes Scholar;HUM;individual
Manakah dari berikut ini yang tidak menerima Outstanding Award ;HUM;individual
Manakah dari bintang rock berikut ini yang memiliki ular piaraan;HUM;individual
Manakah dari ini adalah seorang penulis;HUM;individual
Manakah dari orang-orang berikut yang tidak terkait dengan Andy;HUM;individual
Manakah dari orang-orang terkenal berikut yang hobi melukis;HUM;individual
Manakah dari pria berikut yang menikah dengan Rita Hayworth;HUM;individual
Manakah dari selebriti berikut ini yang memulai karir sebagai joki;HUM;individual
Manakah dari selebriti berikut ini yang tidak lahir di Philadelphia;HUM;individual
Manakah dari wartawan TV berikut ini yang merupakan doktor;HUM;individual
Presiden A.S. yang mana yang dimakamkan di Washington;HUM;individual
Presiden Amerika Serikat mana yang merupakan Mason;HUM;individual
Presiden Bush membandingkan Saddam Hussein dengan siapa;HUM;individual
Presiden Jerman manakah yang menunjuk kanselir Hitler 1933;HUM;individual
Sebutkan dua anak muda yang diasuh Joko Santoso;HUM;individual
Sebutkan dua anak perempuan aktris John Mills;HUM;individual
Sebutkan dua anggota gumpalan dari Herculoid animasi;HUM;individual
Sebutkan karakter kartun anjing selain Huckleberry;HUM;individual
Sebutkan nama astronot Rusia pertama yang melakukan spacewalk;HUM;individual
Sebutkan nama orang yang menerobos layar di iklan bir Lite;HUM;individual
Sebutkan nama perancang sepatu yang menggunakan jutaan plastik;HUM;individual
Sebutkan pengacara Randy Craft;HUM;individual
Sebutkan pengacara untuk Randy Craft;HUM;individual
Siapa advokat yang juga memiliki bakat menghafal quran;HUM;individual
Siapa ahli bedah Texas yang melakukan transplantasi jantung pertama;HUM;individual
Siapa aktor bertingkat yang dikenal sebagai The Brazilian;HUM;individual
Siapa aktor dan aktris apa yang paling banyak membuat film;HUM;individual
Siapa aktor dan pilot Perang Dunia II memiliki uang 5 dollar;HUM;individual
Siapa aktor Inggris yang kehilangan suaranya setelah operasi;HUM;individual
Siapa aktor ksatria yang mengisahkan The World at War di TV;HUM;individual
Siapa aktor terkenal yang merupakan bapak bintang Alan Alda;HUM;individual
Siapa aktor yang belajar saksofon untuk peran dalam sebuah film;HUM;individual
Siapa aktor yang berpakaian unik di filmnya;HUM;individual
Siapa aktor yang datang untuk makan malam di Guess Coming;HUM;individual
Siapa aktor yang membintangi Blue Lagoon tahun 1980-an;HUM;individual
Siapa aktor yang memegang rekor penampilan terbanyak di sampul Life;HUM;individual
Siapa aktor yang memerankan Sam di film Casablanca;HUM;individual
Siapa aktris terkenal yang membuat penampilan pertamanya di panggung;HUM;individual
Siapa aktris utama dalam film Sleepless in Seattle;HUM;individual
Siapa aktris yang membintangi The Lion in Winter;HUM;individual
Siapa anggota Charlie yang menyanyikan vokal untuk Josie;HUM;individual
Siapa anggota kabinet Ronald yang menolak kebijakan federal;HUM;individual
Siapa anggota Kongres AS yang mengatakan halo kawan;HUM;individual
Siapa anggota Little Rascals yang memiliki on-again;HUM;individual
Siapa anggota pendiri band Pink Floyd;HUM;individual
Siapa arsitek Central Park;HUM;individual
Siapa Artis pendengaran keras yang melukis Bunga Matahari;HUM;individual
Siapa artis Spanyol yang melukis Penyaliban;HUM;individual
Siapa astronot Apollo 11 yang paling terkenal itu;HUM;individual
Siapa astronot Rusia pertama yang berjalan di luar angkasa;HUM;individual
Siapa atlet yang menghasilkan uang dari penjualan merchandise;HUM;individual
Siapa ayah Bonnie Blue Butler;HUM;individual
Siapa Ayah dan anak yang memenangkan Medali Kehormatan;HUM;individual
Siapa ayah Luke Skywalker;HUM;individual
Siapa ayah bambang;HUM;individual
Siapa bapak komputer;HUM;individual
Siapa bayi Sweet Pea di film kartun Popeye;HUM;individual
Siapa bintang bisbol yang menolak diberi hadiah;HUM;individual
Siapa bintang dari Leave It to Beaver;HUM;individual
Siapa bintang Dynasty yang melakukan debutnya di Century-Fox;HUM;individual
Siapa bintang film terkenal yang juga bertindak sebagai komisaris;HUM;individual
Siapa bintang gulat yang menjadi The Incredible Hulk;HUM;individual
Siapa bos Ben Casey;HUM;individual
Siapa calon presiden yang yang mendaftar setelah serangan di Harbor;HUM;individual
Siapa chief engineer dari Starship Enterprise;HUM;individual
Siapa desainer kostum dari Michael Jackson;HUM;individual
Siapa desainer Prancis yang mendeklarasikan kemerdekaan buruh;HUM;individual
Siapa detektif TV apa yang diperankan Craig Stevens;HUM;individual
Siapa detektif yang tinggal di Punchbowl dan memiliki 11 anak;HUM;individual
Siapa di balik nama minuman Harvey Wallbanger;HUM;individual
Siapa diktator yang memiliki julukan El Maximo;HUM;individual
Siapa direktur band Westview High di Funky Winkerbean;HUM;individual
Siapa direktur kelompok internasional yang disebut Genome Organization;HUM;individual
Siapa direktur urusan antar pemerintah untuk wilayah San Diego;HUM;individual
Siapa direktur yang menjadi komandan POW tahun 1953;HUM;individual
Siapa dokter Inggris yang lahir pada 18 Januari;HUM;individual
Siapa dokter pertama yang berhasil melakukan transplantasi hati;HUM;individual
Siapa duta besar Rusia untuk Hongaria selama pemberontakan 1956;HUM;individual
Siapa editor makanan paling terkenal di The New York Times;HUM;individual
Siapa empat pendiri terkenal United Artists;HUM;individual
Siapa gitaris tercepat;HUM;individual
Siapa gubernur pertama Virginia Barat;HUM;individual
Siapa gubernur wanita pertama di Wyoming;HUM;individual
Siapa hakim barroom menyebut dirinya Hukum Barat Pecos;HUM;individual
Siapa ibu dari pria yang tidak akan menjadi raja;HUM;individual
Siapa ibu Mia Farrow;HUM;individual
Siapa istri Charles Lindbergh;HUM;individual
Siapa istri Presiden Cleveland;HUM;individual
Siapa itu Pict;HUM;individual
Siapa jenderal Amerika bernasib buruk di Perang Dunia II;HUM;individual
Siapa jenderal Angkatan Udara AS yang memimpin serangan bom Tokyo;HUM;individual
Siapa jenderal AS yang diadili di pengadilan karena mengkritik;HUM;individual
Siapa jenderal Inggris yang menyerah kepada tentara kolonial;HUM;individual
Siapa jenderal Moor Shakespeare;HUM;individual
Siapa juara catur dunia Amerika pertama;HUM;individual
Siapa jurnalis yang dapat ditemukan di dan sekitar Walden Puddle;HUM;individual
Siapa Kaisar Romawi Suci pertama;HUM;individual
Siapa kapten kapal tanker itu;HUM;individual
Siapa kepala Bank Dunia;HUM;individual
Siapa kepala Columbia Pictures yang memalsukan nama aktor Cliff;HUM;individual
Siapa keponakan dan kemenakan Woody Woodpecker;HUM;individual
Siapa kerabat Leo yang menerjemahkan War and Peace;HUM;individual
Siapa ketua Komite Olimpiade Internasional di Olimpiade Musim Panas 1936;HUM;individual
Siapa ketua komite terpilih Senat yang mencapai Watergate;HUM;individual
Siapa Komedian yang merupakan The Perfect Fool;HUM;individual
Siapa komposer Rusia pembuka di Sharp yang terkenal;HUM;individual
Siapa musuh bebuyutan Snoopy;HUM;individual
Siapa nama aktor yang memerankan detektif di film Kindergarden;HUM;individual
Siapa nama aktris yang membintangi film itu;HUM;individual
Siapa nama artis Renaisssance Kyriakos yang dikenal dunia;HUM;individual
Siapa nama asli Alice Cooper;HUM;individual
Siapa nama asli Deddy Corbuzier;HUM;individual
Siapa nama asli penulis Laskar Pelangi;HUM;individual
Siapa nama belakang Dr. Ruth;HUM;individual
Siapa nama belakang Abner;HUM;individual
Siapa nama belakang Lucy dan Linus dari komik strip Peanut;HUM;individual
Siapa nama depan Goldfinger;HUM;individual
Siapa nama depan Rowan dan Martin;HUM;individual
Siapa nama depan Viking Prince;HUM;individual
Siapa nama kapten Titanic;HUM;individual
Siapa nama kedua Mao;HUM;individual
Siapa nama pengacara Randy Craft;HUM;individual
Siapa nama pengacara Randy Steven Craft;HUM;individual
Siapa nama pengacara yang mewakili Randy Craft;HUM;individual
Siapa nama putra aktor Rex Harrison;HUM;individual
Siapa nama putra angkat Popeye;HUM;individual
Siapa nama samaran yang digunakan William dalam menulis Gift;HUM;individual
Siapa nama saudara Alvin;HUM;individual
Siapa nama sebenarnya;HUM;individual
Siapa orang pertama yang dimasukkan Hall of Fame Renang AS.;HUM;individual
Siapa orang pertama yang kembali ke luar angkasa;HUM;individual
Siapa orang terkaya di dunia;HUM;individual
Siapa pemain basket yang dikreditkan dengan 23;HUM;individual
Siapa pemain bisbol apa dikenal sebagai Charley Hustle;HUM;individual
Siapa pemain bisbol liga utama yang sekarang menjadi juru bicara;HUM;individual
Siapa pemain bisbol yang paling sering berjalan;HUM;individual
Siapa pemain golf yang disebut Lemak dan Blobbo Ohio;HUM;individual
Siapa pemain hoki yang bercanda dengan Ronald tentang kesuksesan;HUM;individual
Siapa pemain NBA mana yang memiliki nomor punggung 3;HUM;individual
Siapa pemain tenis yang memiliki nama panggilan Nasty;HUM;individual
Siapa pembuat beruang spesial yang lahir pada 18 Januari;HUM;individual
Siapa pemburu rusa yang menikahi saudara Annie;HUM;individual
Siapa pemenang Nobel yang diusir dari Filipina sebelum konferensi dimulai;HUM;individual
Siapa pemenang Oscar 1974;HUM;individual
Siapa pemilik CNN;HUM;individual
Siapa pemimpin India;HUM;individual
Siapa pemimpin Italia yang memiliki ketakutan super;HUM;individual
Siapa pemimpin kekaisaran Bizantium;HUM;individual
Siapa pemimpin spiritual Asia yang menikah pada usia 13;HUM;individual
Siapa pencipta The Muppets;HUM;individual
Siapa pendiri dan editor The National Review;HUM;individual
Siapa perdana menteri Tiongkok;HUM;individual
Siapa perenang tercepat di dunia;HUM;individual
Siapa Presiden Afghanistan pada tahun 1994;HUM;individual
Siapa Presiden AS pertama;HUM;individual
Siapa raja dari Inggris;HUM;individual
Siapa raja pertama Inggris;HUM;individual
Siapa superstar yang menyewa mobil;HUM;individual
Siapa sutradara dan editor film Big yang dibintangi Tom Hanks;HUM;individual
Siapa wanita parfum Charlie;HUM;individual
Siapa wanita pertama di luar angkasa;HUM;individual
Siapa yang ada dalam buku komik yang sekarang sudah terkenal;HUM;individual
Siapa yang berbagi apartemen di New York dengan Roger;HUM;individual
Siapa yang berhasil Sonny ganti sebagai juara tinju kelas dunia;HUM;individual
Siapa yang beriklan untuk Frito-Lay;HUM;individual
Siapa yang ditempatkan di Camp Swampy di komik;HUM;individual
Siapa yang dituduh dalam The Trial of the Century;HUM;individual
Siapa yang memerankan Etta Place;HUM;individual
Siapa yang memerankan Fatman di acara televisi;HUM;individual
Siapa yang memiliki CNN;HUM;individual
Siapa yang memiliki hak atas program TV;HUM;individual
Siapa yang menemukan radio;HUM;individual
Siapa yang menemukan Riasan;HUM;individual
Siapa yang menemukan sikat gigi;HUM;individual
Siapa yang menemukan stetoskop;HUM;individual
Siapa yang menemukan televisi;HUM;individual
Siapa yang menulis buku it;HUM;individual
Siapa yang menulis 'Dubliners';HUM;individual
Siapa yang menulis Dunia Baru yang Berani;HUM;individual
Siapa yang menulis Hamlet;HUM;individual
Siapa yang menyutradarai The Wild Bunch;HUM;individual
Siapa yang merancang Jembatan London;HUM;individual
Siapakah Musuh Publik No. 1 Amerika yang pertama;HUM;individual
Siapakah musuh utama Sherlock Holmes;HUM;individual
Siapakah nabi agama Islam;HUM;individual
Siapakah Nabi Madinah;HUM;individual
Siapakah nabi umat Islam;HUM;individual
Siapakah nabi yang paling terhubung dengan Laut Mati;HUM;individual
Siapakah pemimpin Brunei;HUM;individual
Siapakah perdana menteri Australia;HUM;individual
Siapakah perdana menteri Jepang;HUM;individual
Siapakah perdana menteri ke-43 Malaysia;HUM;individual
Siapakah Presiden Amerika Serikat ke-16;HUM;individual
Siapakah presiden Bolivia;HUM;individual
Siapakah Presiden Ghana;HUM;individual
Siapakah Presiden Kosta Rika pada tahun 1994;HUM;individual
Siapakah Presiden Pergament;HUM;individual
Siapakah presiden Vichy Prancis;HUM;individual
Siapakah Raja di rumah Alley Oop di Moo;HUM;individual
Siapakah raja yang dipaksa untuk menyetujui Magna Carta;HUM;individual
Siapakah Ratu Belanda;HUM;individual
Siapakah saudara laki-laki Olive Oyl;HUM;individual
Siapakah Sekretaris Negara selama pemerintahan Nixon;HUM;individual
Siapakah sepuluh orang terkaya di dunia;HUM;individual
Siapakah suami dan mentor dari jutawan Pia Zadora;HUM;individual
Untuk siapa Blok Tujuh Keledai diblokir;HUM;individual
Untuk siapa Camp David dinamai;HUM;individual
Untuk siapa Dita Beard bekerja;HUM;individual
Video siapa yang berjudul Shape Up with Arnold;HUM;individual
siapa yang mengantikan rasulullah menjadi pemimpin setelah wafat;HUM;individual
apa profesi arman maulana;HUM;title
apa profesi raffi ahmad;HUM;title
apa profesi jordan;HUM;title
apa pekerjaan maki adi;HUM;title
apa pekerjaan ayah nya;HUM;title
apa pekerjaan yang digeluti ibu nya;HUM;title
apa profesi profesor rudi;HUM;title
apakah profesi bapak moko;HUM;title
apakah pekerjaan bapak andi;HUM;title
apa profesi yang digeluti pandji;HUM;title
apakah profesi tertua di dunia ini;HUM;title
Apa pekerjaan Nicholas Cage?;HUM;title
Apa pekerjaannya;HUM;title
Apa pekerjaan Eduard Shevardnadze di Uni Soviet;HUM;title
Apa pekerjaan Larry King;HUM;title
apakah profesinya;HUM;title
apa profesi ibu nya;HUM;title
apa gelar ayahnya;HUM;title
apa gelar ibumu;HUM;title
gelar apa yang diberikan untuk orang yang menyelesaikan s3;HUM;title
apa pekerjaan sehari hari rudi;HUM;title
apa kota terbesar di indonesia;LOC;city
apa kota terbesar di amerika;LOC;city
kota apa yang terbesar di mesir;LOC;city
kota apa yang tertua di dunia;LOC;city
apa nama kota yang paling tua di dunia;LOC;city
apa nama kota yang menjadi tujuan favorit wisatawan di jepang;LOC;city
kota apa yang menjadi destinasi favorit turis di indonesia;LOC;city
apa kota yang sangat digemari turis mancanegara di malaysia;LOC;city
kota apa di jepang yang memiliki awalan huruf k pada namanya;LOC;city
apa ibukota arab saudi;LOC;city
apa ibukota thailand;LOC;city
apa nama ibukota provinsi sulawesi selatan;LOC;city
apa nama ibukota prancis;LOC;city
apa nama ibukota taiwan;LOC;city
apa nama ibukota italia;LOC;city
apa ibukota cina;LOC;city
apa ibukota laos;LOC;city
di kota apa menara eifel berada;LOC;city
di kota apa patung liberty berada;LOC;city
di kota apa monas itu;LOC;city
di kota apakah bandara juanda berada;LOC;city
di kota apa stadion stanford bridge berada;LOC;city
apa nama kota yang memiliki julukan kota kenangan;LOC;city
kota apa yang diberi julukan kota senja;LOC;city
kota apa yang sering disebut kota ikan;LOC;city
kota apa yang dikunjungi presiden susilo pada bulan mei 2012;LOC;city
apa nama kota yang dikunjungi obama di indonesia;LOC;city
apa nama kota yang menjadi tempat rapat pbb;LOC;city
apa kota terbesar di rusia;LOC;city
di kota apakah habibie dilahirkan;LOC;city
kota apa yang paling bersalju di korea selatan;LOC;city
apa nama kota yang menjadi latar film itu;LOC;city
kota apa yang diperangi pasukan muhammad al fatih;LOC;city
monas ada di kota apa;LOC;city
kota apa yang dikenal karena gudegnya;LOC;city
kota apa yang dikenal karena kepadatan penduduknya;LOC;city
kota apa yang memiliki populasi paling sedikit di jerman;LOC;city
di kota apa gayus ditangkap;LOC;city
di kota apa kasus perampokan bank abc terjadi;LOC;city
kota apa yang menjadi lumbung padi terbesar di asia;LOC;city
apa negara terkecil di afrika;LOC;country
apa negara terkecil di asia;LOC;country
apa negara terbesar di eropa;LOC;country
apa negara terkaya di dunia;LOC;country
apa negara termakmur di dunia;LOC;country
apa negara yang memiliki populasi penduduk terbanyak di dunia;LOC;country
sebutkan negara dengan populasi terkecil di amerika;LOC;country
sebutkan negara dengan utang luar negeri terbanyak di dunia;LOC;country
negara apa yang mengimpor garam paling banyak di dunia;LOC;country
negara apa yang mengekspor minyak terbesar di dunia;LOC;country
di negara manakah sungai nil berada;LOC;country
di negara mana kota suci makkah berada;LOC;country
di negara apakah gareth bale bermain;LOC;country
di negara apa cristiano ronaldo bermain sepakbola;LOC;country
di negara apa standford university berada;LOC;country
negara apa yang memiliki tingkat kecerdasan siswa tertinggi;LOC;country
negara apa yang memiliki tingkat kemiskinan terbesar;LOC;country
negara apa yang dipimpin pm mahatir;LOC;country
negara apa yang menyelenggarakan liga primer;LOC;country
di negara apa danau toba itu;LOC;country
negara apa yang pernah dikuasai hitler;LOC;country
negara apa saja yang pernah dijajah oleh inggris;LOC;country
di negara apa presiden indonesia dan jepang bertemu;LOC;country
negara apa yang menjadi destinasi favorit wisatawan tahun 2018;LOC;country
negara apa yang paling dikunjungi turis mancanegara tahun 2010;LOC;country
di negara manakah lionel messi lahir;LOC;country
sebutkan negara pengimpor tembakau terbesar di eropa;LOC;country
sebutkan negara yang memiliki rasio kemiskinan terbesar di asia;LOC;country
negara apa yang dikenal dengan julukan negara seribu pulau;LOC;country
negara apa yang dijuluki negeri salju;LOC;country
negara apa yang menjadi latar film abc;LOC;country
negara apa yang memiliki pulau paling banyak di dunia;LOC;country
negara apakah yang membeli 25 persen total ekspor teh dunia;LOC;country
di negara manakah kurma tumbuh;LOC;country
di negara apakah air zam zam dihasilkan;LOC;country
negara penghasil karet terbesar di dunia adalah;LOC;country
negara penghasil batik di dunia yaitu;LOC;country
di negara apakah menara kembar berada;LOC;country
negara apa yang memiliki area hutan terbesar;LOC;country
negara apa yang memiliki angkatan bersenjata terkuat di dunia;LOC;country
provinsi apa di jepang yang mimiliki populasi terpadat;LOC;state
provinsi apa di indonesia yang memproduksi kain terbanyak;LOC;state
provinsi apa yang menjadi lumbung padi di indonesia;LOC;state
negara bagian apa yang menjadikan bunga sagebrush bunga negaranya;LOC;state
negara bagian as apa yang memiliki garis pantai terpanjang kedua;LOC;state
negara bagian as apa yang memiliki rambut pirang terbanyak;LOC;state
negara bagian apa yang memiliki curah hujan paling sedikit;LOC;state
provinsi apa yang paling dingin di korea selatan;LOC;state
di provinsi apakah makassar berada;LOC;state
di provinsi apakah surabaya itu;LOC;state
di provinsi apa semarang berada;LOC;state
provinsi apa yang dipimpin oleh anies baswedan;LOC;state
celebes adalah sebutan untuk provinsi apa;LOC;state
provinsi apa yang memiliki jumlah penduduk terbanyak di indonesia;LOC;state
provinsi dengan populasi penduduk terbanyak ke dua di indonesia adalah;LOC;state
gunung apa yang sangat terkenal di jepang;LOC;mountain
gunung apa yang tertinggi di dunia;LOC;mountain
gunung terbesar di dunia adalah;LOC;mountain
gunung apa yang menjadi tujuan para pendaki di pulau jawa;LOC;mountain
gunung apa yang merupakan tempat pengambilan gambar film Berkelana;LOC;mountain
apa gunung apa teraktif di dunia;LOC;mountain
apa gunung yang paling banyak di daki di pulau jawa;LOC;mountain
apa gunung yang sangat ikonik di jepang;LOC;mountain
apa gunung yang menjadi ikon jepang;LOC;mountain
gunung apa yang letusannya menggemparkan dunia;LOC;mountain
gunung apa yang paling tinggi di dunia;LOC;mountain
Gunung apa yang terletak di antara sungai Arkansas dan Missouri;LOC;mountain
Pegunungan apa yang dilalui oleh jalur kereta api tertinggi di dunia;LOC;mountain
Pegunungan apa yang membentang dari Teluk Lawrence ke Alabama;LOC;mountain
Pegunungan apa yang menandai perbatasan Prancis dan Spanyol;LOC;mountain
Apa gunung tertinggi di bumi sebelum Gunung Everest ditemukan;LOC;mountain
Apa gunung tertinggi kedua di dunia;LOC;mountain
Apa gunung tertinggi New England;LOC;mountain
Apa gunung tertinggi di asia;LOC;mountain
Apa nama gunung tertinggi di Afrika;LOC;mountain
Apa nama gunung tertinggi di dunia;LOC;mountain
Apa puncak gunung tertinggi kedua di dunia;LOC;mountain
Apa puncak tertinggi di Afrika;LOC;mountain
Apa puncak tertinggi dunia;LOC;mountain
Apa empat jajaran gunung terbesar di benua Asia;LOC;mountain
apa puncak tertinggi di pulau sulawesi;LOC;mountain
Apa 5 gedung tertinggi di dunia;LOC;locother
Apa air terjun tertinggi di Amerika Serikat;LOC;locother
Apa bintang yang paling terang terlihat dari Bumi;LOC;locother
Apa area terdalam dari Samudra Arktik;LOC;locother
Apa alamat Answers.com;LOC;locother
Apa alamat bintang terkenal Meksiko;LOC;locother
Apa alamat email Bill Gross;LOC;locother
Apa alamat email Drew Barrymore;LOC;locother
Apa alamat email George Lucas;LOC;locother
Apa alamat email Mark McGwire;LOC;locother
Apa alamat E-mail milik Bill Gates Microsoft;LOC;locother
Apa alamat kantor pemerintah utama di Roma;LOC;locother
Apa bangunan tertinggi di Jepang;LOC;locother
Apa bangunan tertua di Amerika Serikat;LOC;locother
Apa bandara India terbesar;LOC;locother
Apa danau terbesar di Amerika Utara;LOC;locother
Apa dinding terkenal yang menopang menara Badaling;LOC;locother
Apa dua sungai terpanjang di Inggris;LOC;locother
Apa situs web Pengadilan Internasional;LOC;locother
Apa laut yang terbesar di dunia;LOC;locother
Apa laut yang memisahkan Napoli dan Aljir;LOC;locother
Apa lautnya Bombay;LOC;locother
Apa museum etnologi tertua di dunia;LOC;locother
Apa museum terbesar di dunia;LOC;locother
Apa nama benua yang muncul di sudut kiri atas label Budweiser;LOC;locother
Apa nama candi yang terletak di dekat ibu kota Laos;LOC;locother
Apa nama hotel di Jakarta;LOC;locother
Apa nama jalan paling umum di Amerika;LOC;locother
Selat apa yang menghubungkan Laut Mediterania dan Samudra Atlantik;LOC;locother
Apa pulau terbesar di Hindia Barat;LOC;locother
Apa pulau terbesar di Indonesia;LOC;locother
Apa sungai terpanjang di Kanada;LOC;locother
Bangunan apa yang dibangun abad 18 berisi rak buku 327 mil;LOC;locother
Dimanakah Guam;LOC;locother
Bangunan apa yang dimahkotai raja-raja Inggris;LOC;locother
Dari mana asal embun;LOC;locother
Dari mana asal marmut;LOC;locother
Dari mana asal makeup;LOC;locother
Dari mana asal nama Daniel;LOC;locother
Dari mana asal ukulele;LOC;locother
Dari mana asalnya olahraga berselancar;LOC;locother
Dari mana bentuk aneh dari pisau makan ikan berasal;LOC;locother
Dari mana bintang tenis Stefan Edberg berasal;LOC;locother
Dari mana bocci berasal;LOC;locother
Dari mana cokelat berasal;LOC;locother
Daerah mana yang menghasilkan kopi paling asam?;LOC;locother
Danau apa di Skotlandia yang dikatakan memiliki monster;LOC;locother
Danau apa itu tempat Sheboygan?;LOC;locother
Danau apa yang menjadi sumber Nil Putih?;LOC;locother
Dari mana dia mendapatkan gelar itu?;LOC;locother
Di mana Olimpiade Musim Panas 196 diadakan;LOC;locother
Di mana kartu itu;LOC;locother
Di mana 8 dari 10 gunung tertinggi di dunia;LOC;locother
Di mana ayahnya berada;LOC;locother
Di mana ada informasi tentang novel laskar pelangi;LOC;locother
Di mana ada penduduk asli dayak;LOC;locother
Di manakah lubang ke-19 di lapangan golf;LOC;locother
Di mana aktris itu;LOC;locother
Di mana Anda dapat menemukan penangkap lalat Venus;LOC;locother
Di mana Anda menemukan informasi tentang Kebijakan Nasional;LOC;locother
Di mana Anda menemukan jawaban untuk semua pertanyaan ini;LOC;locother
Di mana apartemen di Saint John;LOC;locother
Di mana AS mendapatkan sebagian besar energinya;LOC;locother
Di mana Bandara Logan berada;LOC;locother
Di mana Bandara McCarren berada;LOC;locother
Di mana Bandara McCarren;LOC;locother
Di mana batu Ayer?;LOC;locother
Di mana sumber pendidikan yang bagus untuk guru;LOC;locother
Dimanakah bel terbesar dunia berada;LOC;locother
Dimanakah Belize berada;LOC;locother
Dimanakah bendungan terbesar di dunia;LOC;locother
Dimanakah kantor pusat AS untuk Procter & Gamble;LOC;locother
Dimanakah kantor pusat perusahaan Microsoft berada;LOC;locother
Dimanakah saya dapat menemukan sejarah bahasa Hongaria;LOC;locother
Dimanakah saya dapat menemukan sejarah bahasa Taiwan;LOC;locother
Dimana teleskop Keck;LOC;locother
Dimana tempat kelahiran Poe;LOC;locother
Dimana Tesla lahir;LOC;locother
Dimana Tornado Alley;LOC;locother
Dimana Tufts University;LOC;locother
Dimana Ty Cobb tumbuh;LOC;locother
Dimana Union Stockyards;LOC;locother
Dimana Victor Hugo menghabiskan pengasingannya;LOC;locother
Dimana Standford University;LOC;locother
Dimana Wile E. Coyote selalu mendapatkan perangkatnya;LOC;locother
Dimana Windsor Castle;LOC;locother
Dimana Woodstock berlangsung;LOC;locother
Dimana Wright bersaudara melakukan penerbangan pertama mereka;LOC;locother
Dimana zebra paling mungkin ditemukan;LOC;locother
Planet apa yang ditemukan Percival Lovell;LOC;locother
Di pulau Hawaii manakah Pearl Harbor;LOC;locother
Di sungai apa Roma dibangun;LOC;locother
Di sungai apa Strasbourg dibangun;LOC;locother
Di sungai mana Windsor Castle berada;LOC;locother
Dimana Qatar;LOC;locother
Dimana Trinidad;LOC;locother
Dimanakah Amsterdam;LOC;locother
Dari manakah asal makeup;LOC;locother
Dari manakah asal nama Daniel;LOC;locother
Dari manakah asal ukulele;LOC;locother
Samudra apa yang mengelilingi Kepulauan Madeira;LOC;locother
Samudra apa yang mengelilingi Kepulauan Maldive;LOC;locother
Pulau apa yang memiliki taman bernama Battery;LOC;locother
Pulau apa yang mendapat nama mereka dari baja Spanyol;LOC;locother
Pulau apa yang menjadi rumah bagi patung yang disebut Mauis;LOC;locother
Laut apa yang mengelilingi Kepulauan Cayman;LOC;locother
situs web apa yang bisa menemukan artikel yang kita ingin cari;LOC;locother
Sungai apa yang mengalir melewati Kuil Karnak;LOC;locother
Sungai apa yang terkenal mengalir melalui Bagdad;LOC;locother
Taman apa yang memiliki Sungai Firehole dan Air Terjun Peri;LOC;locother
Teluk apa yang berkilau di sebelah Miami;LOC;locother
Kanal apa yang dilintasi oleh Jembatan Thatcher Ferry;LOC;locother
apa kode nomor telefon seluler indonesia;NUM;code
apa kode bandara soekarno hatta;NUM;code
apa kode area sulawesi utara;NUM;code
berapa nomor telefon polisi;NUM;code
berapa kode nomor telefon ambulans;NUM;code
berapa kode universitas indonesia;NUM;code
apa kode yang dikirim anggota pramuka untuk komunikasi jarak jauh;NUM;code
menggunakan kode apakah tentara saat berperang;NUM;code
apa arti kode yyy pada botol minuman;NUM;code
apa arti kode sss pada pakaian pria;NUM;code
apa kode ukuran terbesar dari pakaian;NUM;code
apa makna kode xl pada celana;NUM;code
berapa jumlah kabupaten yang ada di indonesia;NUM;count
berapa jumlah kecamatan di indonesia;NUM;count
berapa gelar juara liga champion yang dimiliki lionel messi;NUM;count
berapa jumlah bulan yang ada dalam satu tahu;NUM;count
berapa jumlah gol pada final piala dunia 2020;NUM;count
berapa jumlah planet yang ada di tata surya ini;NUM;count
berapa jumlah pulau yang ada di indonesia;NUM;count
berapa jumlah poin yang dikumpulkan manchester saat menjuarai liga tahun 2013;NUM;count
berapa jumlah pemain juventus yang positif terjangkit corona;NUM;count
berapa jumlah kalori dalam sebuah telur;NUM;count
berapa jam yang dibutuhkan untuk membaca 1 juz al quran;NUM;count
berapa bulan kehamilan rata rata manusia mengandung;NUM;count
berapa jam yang diperlukan untuk menyelesaikan satu rubik 3x3;NUM;count
berapa hari seekor capung hidup;NUM;count
berapa meter dalam 1 kilometer;NUM;count
berapa jam kerja rata rata pekerja kantoran di dki jakarta;NUM;count
berapa jumlah pembunuhan yang terjadi pada tragedi 98;NUM;count
berapa lama baterai 1000 mah diisi agar penuh;NUM;count
berapa populasi manusia di eropa;NUM;count
berapa populasi manusia di brasil;NUM;count
dalam 1 abad ada berapa tahun;NUM;count
berapa tentara yang tewas dalam perang dunia ii;NUM;count
sudah berapa kali susilo yudhoyono menjadi presiden indonesia;NUM;count
seberapa sering ular berganti kulit;NUM;count
kehamilan manusia normal berlangsung dalam berapa bulan;NUM;count
berapa rata rata tinggi remaja di indonesia;NUM;count
berata tahun lustrum terbentuk;NUM;count
berapa karbohidrat yang terkandung dalam sepiring nasi;NUM;count
berapa hasil dari penjumlahan lima ditambah lima;NUM;count
Ada berapa banyak ekstensi URL;NUM;count
Ada berapa banyak novel James Bond;NUM;count
Ada berapa banyak situs Beanie Baby;NUM;count
Ada berapa banyak unsur kimia di sana;NUM;count
ada berapa negara di asia tenggara;NUM;count
ada berapa negara bagian amerika;NUM;count
ada berapa benua di dunia;NUM;count
ada berapa hari libur nasional tahun 2020;NUM;count
ada berapa jumlah pengunjung wisata waduk bening madiun tahun ini;NUM;count
ada berapa banyak vitamin c dalam tomat;NUM;count
ada berapa banyak kursi yang tersedia di stadion tersebut;NUM;count
ada berapa banyak karakter dalam film itu;NUM;count
ada berapa banyak jenis kayu di dunia;NUM;count
berapa keluarga yang ikut terdampak karena bencana gempa ini;NUM;count
berapa keluarga yang tidak menerima bantuan ;NUM;count
berapa keluarga yang menerima santunan dari bupati;NUM;count
berapa keluarga yang kelaparan karena wabah ini;NUM;count
berapa orang yang terlibat dalam pengambilan gambar video tersebut;NUM;count
berapa orang yang berpartisipasi dalam kajian online ustad Somad;NUM;count
berapa orang ikut berperan ambil bagian pada pembangunan masjid;NUM;count
berapa orang yang ikut dalam aksi damai tadi pagi;NUM;count
berapa orang menunjukkan kegelisahannya atas kejadian tersebut;NUM;count
berapa orang tidak ikut pada acara tadi pagi;NUM;count
berapa orang yang positif terjangkit virus di bandung;NUM;count
berapa orang mendapatkan hasil negatif dari hasil tes tadi;NUM;count
berapa orang menonton pertandingan antara mu dan barcelona;NUM;count
Berapa banyak sekolah penerbangan yang ada di AS;NUM;count
Berapa banyak situs web yang ada di dunia;NUM;count
berapa orang yang menandatangani petisi tersebut;NUM;count
berapa jumlah korban pada kecelakaan di tol sunter tadi malam;NUM;count
berapa jumlah korban jiwa atas banjir bandang di cimahi;NUM;count
berapa jumlah korban karena badai besar kemarin;NUM;count
berapa jumlah korban penipuan dari modus berkedok bantuan;NUM;count
berapa jumlah korban dari kebakaran gedung central;NUM;count
Berapa banyak spesies hiu Great White yang ada;NUM;count
Berapa zat besi dalam tubuh manusia;NUM;count
berapa jumlah restoran yang ada di makassar;NUM;count
berapa jumlah pegawai yang bekerja di ct corp;NUM;count
berapa jumlah santri di al barjah ;NUM;count
berapa jumlah karyawan yang di phk atas bencana ini;NUM;count
berapa jumlah kuda yang ikut dalam balap kuda di sana;NUM;count
berapa hewan yang mati kelaparan di kebun binatang;NUM;count
berapa hewan yang tertangkap oleh pemburu liar;NUM;count
berapa hewan laut yang dipelahara oleh ayahmu;NUM;count
berapa korban yang meninggal dari insiden di hotel itu;NUM;count
berapa korban yang tertipu;NUM;count
berapa korban dari kecelakaan maut itu;NUM;count
berapa korban selamat yang ditemukan dari tenggelamnya perahu;NUM;count
berapa korban penipuan yang terdata di catatan kepolisisan;NUM;count
berapa korban kekerasan yang melapor di mabes polri hari ini;NUM;count
berapa mata yang dimiliki kelelawar;NUM;count
berapa negara anggota pbb;NUM;count
berapa negara yang mengimpor minyak dari mesir;NUM;count
berapa orang yang hadir dipertemuan hotel amaris;NUM;count
Berapa banyak poin yang ada di papan Backgammon;NUM;count
Ada berapa jenis pakaian di sana;NUM;count
Ada berapa kota di Arab Saudi;NUM;count
Ada berapa negara di dunia;NUM;count
Berapa banyak cacing tanah dalam satu padang rumput;NUM;count
Berapa banyak anggota dalam delegasi kongres California;NUM;count
Berapa banyak asam folat yang harus didapatkan wanita hamil setiap hari;NUM;count
Berapa banyak astronot di bulan;NUM;count
berapa banyak kelurahan di makassar;NUM;count
berapa banyak imigran surabaya gagal ke luar negeri karena nonprosedural;NUM;count
berapa banyak sampah yang dihasilkan jakarta setiap hari;NUM;count
berapa banyak pesawat garuda yang terlambat berangkat karena cuaca;NUM;count
Berapa banyak film yang dibuat oleh studio dalam setahun;NUM;count
Berapa banyak film yang pernah diputar Drew Barrymore;NUM;count
Berapa banyak danau di bumi;NUM;count
Berapa banyak gajah yang tersisa di bumi;NUM;count
Berapa banyak kalori dalam tomat;NUM;count
Berapa banyak kalori yang ada dalam kecap;NUM;count
Berapa banyak kalori yang ada dalam segelas air;NUM;count
tanggal berapa nabi Muhammad dilahirkan;NUM;date
bulan ramadhan jatuh pada tanggal berapa;NUM;date
pada tanggal berapa indonesia memproklamasikan kemerdekaan;NUM;date
tanggal berapa presiden soekarno lahir;NUM;date
tanggal berapa hari ibu diperingatkan;NUM;date
tanggal pertama siaran pertama Liputan6;NUM;date
tanggal berapa hari buruh diperingatkan di indonesia;NUM;date
tanggal berapa final liga eropa diadakan tahun ini;NUM;date
pada tanggal berapa dalam november diperingati sebagai hari pahlawan;NUM;date
bulan berapa pada tahun 2018 gempa terjadi di palu;NUM;date
bulan berapa gempa di jogja terjadi;NUM;date
bulan apa jokowi dilantik sebagai presiden indonesia;NUM;date
bulan apa musim kemarau dimulai di indonesia;NUM;date
pada bulan apa musim hujan mulai di indonesia;NUM;date
tahun berapa kapan titanic tenggelam;NUM;date
tahun berapa malaysia memproklamasikan kemerdekaannya;NUM;date
tahun berapa mantan presiden indonesia soeharto wafat;NUM;date
pada tahun berapa terjadi gempa yang sangat besar di lombok;NUM;date
pada tahun berapa ronaldo meninggalkan real madrid;NUM;date
pada tahun berapa barcelona merekrut neymar;NUM;date
tahun berapa barcelona meraih gelar liga champion ke lima;NUM;date
di tahun berapa bom hiroshima nagasaki terjadi;NUM;date
di tahun berapa kekhalifahan turki ustmani runtuh;NUM;date
di tahun berapa atletico madrid merekrut fernando torres;NUM;date
rcti mulai mengudara tahun berapa;NUM;date
kapan sea games diadakan di indonesia;NUM;date
kapan nabi muhammad diangkat sebagai rasul;NUM;date
kapan albert einstein meninggal;NUM;date
kapan gunung krakatau meletus;NUM;date
kapan banjir besar terjadi di bandung;NUM;date
kapan bola lampu pertama kali ditemukan;NUM;date
kapan nabi isa dilahirkan oleh maryam;NUM;date
pada abad berapa tahun pertama hijriah;NUM;date
pada abad berapa perang dunia ii terjadi;NUM;date
pada abad berapa revolusi industri dimulai;NUM;date
pada bulan apa virus covid 19 menyebar di indonesia;NUM;date
pada tahun berapa serial kartun anak nusa rara mulai tayang;NUM;date
tanggal berapa youtube menampilkan video pertama;NUM;date
pada tanggal berapa anda dilahirkan;NUM;date
tanggal berapa bursa transfer liga inggris ditutup;NUM;date
kapan rapat kerja kantor diadakan;NUM;date
kapan pertemuan untuk membahas kesejahteraan umat diadakan;NUM;date
kapan rapat besar ktt asean diadakan;NUM;date
kapan konferensi meja bundar diadakan;NUM;date
kapan piala dunia brasil diadakan;NUM;date
kapan porseni banten diadakan;NUM;date
kapan peringatan hari buruh digelar;NUM;date
kapan acara kompetisi pancing jogja digelar;NUM;date
kapan konferensi teknologi dunia digelar;NUM;date
kapan sidang putusan terdakwa korupsi digelar;NUM;date
Kapan pelindo menggelar acara rapat umum 2012;NUM;date
kapan peringatan hari lahir nabi muhammad tahun ini;NUM;date
kapan united menggelar pertandingan testimoni;NUM;date
kapan chelsea menggelar perayaan juara iga;NUM;date
kapan masjid as sholihin menggelar rapat acara ramadhan;NUM;date
kapan samsung menggelar peluncuran telefon terbarunya;NUM;date
kapan xiaomi mengadakap perkenalan ceo baru mereka;NUM;date
kapan mereka menggelar acara pernikahan;NUM;date
kapan kita mengadakan rapat untuk acara minggu depan;NUM;date
kapan tabligh akbar ustad khalid digelar tahun ini;NUM;date
berapa jarak mekkah ke madinah;NUM;distance
berapa jarak yang ditempuh untuk sampai ke tanah suci;NUM;distance
berapa jauh jarak yang harus ditempuh untuk pergi ke bulan;NUM;distance
berapa jarak pandang di jakarta pagi ini;NUM;distance
berapa jarak antara kota sydney dan melbourne;NUM;distance
berapakah jarak italia dan prancis;NUM;distance
seberapa jauh jarak bumi dan bulan;NUM;distance
berapa panjang tol cipali;NUM;distance
berapa panjang kapal nabi nuh;NUM;distance
berapa panjang gigi buaya;NUM;distance
berapa panjang ekor dinosaurus;NUM;distance
seberapa panjang ekor anjing;NUM;distance
seberapa panjang ekor yang dimiliki harimau;NUM;distance
berapa tinggi gunung merapi;NUM;distance
berapa tinggi menara pertamina;NUM;distance
berapa tinggi monas;NUM;distance
seberapa tinggi gunung kalimanjaro;NUM;distance
berapa tinggi badan minimum untuk mendaftar menjadi polisi;NUM;distance
berapa lebar danau toba;NUM;distance
berapa lebar danau kaspia;NUM;distance
berapa lebar perahun nabi nuh;NUM;distance
seberapa lebar danu victoria;NUM;distance
seberapa lebar danu tanganyika;NUM;distance
berapa dalam samudra pasifik;NUM;distance
seberapa dalam kapal selam dapat menyelam;NUM;distance
pada kedalaman berapa kapal titanic tenggelam di dasar laut;NUM;distance
seberapa dalam perut bumi ini;NUM;distance
seberapa lebar alam semesta ini;NUM;distance
berapa jauh mata manusia dapat melihat;NUM;distance
berapa jauh ayam dapat terbang;NUM;distance
seberapa jauh burung pipit terbang;NUM;distance
seberapa jauh manusia dapat bepergian di luar angkasa;NUM;distance
seberapa tinggi menara visa itu;NUM;distance
berapa tinggi yang dimiliki jerapa;NUM;distance
berapa jarak antara bandung dan jakarta;NUM;distance
berapa gaji rata rata pekerja tambang di papua;NUM;money
berapa gaji ump pekerja di banten;NUM;money
berapa gaji yang diterima seorang penyapu jalan dalam sebulan;NUM;money
berapa gaji presiden republik indonesia;NUM;money
berapa besaran gaji seorang menteri di negara ini;NUM;money
berapa besaran gaji seorang gubernur;NUM;money
berapa upah yang diterima anak buah kapal pesiar;NUM;money
berapa upah yang didapatkan seorang penulis artikel ;NUM;money
berapa upah seorang pengrajin batik;NUM;money
berapa besar pendapatan seorang pemilik konveksi;NUM;money
berapa pendapatan penjual sayur di pasar;NUM;money
berapa besar omzet indomaret dalam satu hari;NUM;money
berapa omzet maskapai lion air dalam sebulan;NUM;money
berapa pendapatan rata rata nelayan dalam 1 hari;NUM;money
berapa nilai tukar yen ke rupiah;NUM;money
berapa nilai tukar dollar ke euro;NUM;money
berapa kira kira harga motor jupiter terbaru;NUM;money
berapa jumlah utang luar negeri yang dimiliki indonesia;NUM;money
berapa nilai satu gram emas tahun 2000;NUM;money
berapa nilai satu dirham hari ini dalam rupiah;NUM;money
berapa pajak bangunan yang harus dibayar;NUM;money
berapa pajak penghasilan untuk karyawan bergaji sepuluh juta;NUM;money
berapa besar pajak ekspor impor di cina;NUM;money
berapa uang yang dicuri perampok bank di slipi;NUM;money
berapa uang yang andi simpan di bagasi mobilnya;NUM;money
berapa uang yang hilang saat rumah norman dirampok oleh pencuri;NUM;money
berapa nilai kontrak perusahaan freeport dengan pemerintah indonesia;NUM;money
berapa harga sewa kontrakan tipe 35 di jogja;NUM;money
berapa biaya sewa motor bebek dalam sehari;NUM;money
berapa biaya sewa tukang untuk memperbaiki rumah;NUM;money
berapa tarif tiket pesawat dari indonesia ke makkah;NUM;money
berapa bayaran seorang kernet bus kopaja;NUM;money
berapa tarif naik angkot sekali jalan di makassar;NUM;money
berapa denda yang harus dibayar saat terlambat membayar pajak motor;NUM;money
berapa tarif kapal laut 2020;NUM;money
berapa tarif naik very dari pulau ke pulai;NUM;money
berapa biaya mengiklankan produk di tokopedia;NUM;money
berapa biaya kuliah rata rata mahasiswa s2;NUM;money
berapa uang yang harus dikeluarkan untuk memiliki mobil mercedes;NUM;money
berapa tarif parkir roda dua sesuai aturan pemerintah di kota semarang;NUM;money
berapa denda jika meludah di sembarang tempat di singapura;NUM;money
berapa pajak mobil mewah;NUM;money
berapa pendapatan ojek online dalam sehari;NUM;money
berapa pendapatan youtuber dalam sebulan;NUM;money
berapa pendapatan petani dalam sekali panen;NUM;money
berapa pendapatan pedagan sayur di pasar;NUM;money
berapa pendapatan seorang fotografer dalam satu project;NUM;money
berapa pendapatan seorang pilot pesawat;NUM;money
Berapa gaji awal seorang radiografer;NUM;money
Berapa gaji awal untuk pengacara;NUM;money
Berapa gaji anggota dpr;NUM;money
Berapa gaji rata-rata manajer restoran di Amerika Serikat;NUM;money
Berapa gaji rata-rata seorang ahli paleontologi;NUM;money
berapa gaji rata-rata seorang menteri;NUM;money
berapa gaji rata-rata karyawan penjaga toko minimarket;NUM;money
berapa gaji rata-rata seorang pengantar barang bangunan;NUM;money
berapa gaji rata-rata seorang ceo perusahaan startup unicorn;NUM;money
berapa gaji rata-rata manajer restoran;NUM;money
berapa upah presenter acara tv;NUM;money
berapa upah tukang cukur rambut;NUM;money
berapa upah pegawai bumn;NUM;money
berapa harga terbaru mobil toyota yaris;NUM;money
berapa harga kurma 1 kilogram;NUM;money
berapa harga bawang merah 1 kilogram;NUM;money
berapa harga gula pasir dalam 1 liter;NUM;money
berapa harga hp samsung terbaru;NUM;money
berapa harga toyota calya di bandung;NUM;money
berapa harga satu kilogram tomat hari ini;NUM;money
berapa harga gula sekilo;NUM;money
berapa harga laptop acer nitro 5 model terbaru;NUM;money
berapa harga jam tangan casio;NUM;money
berapa uang yang ;NUM;money
berapa uang yang ;NUM;money
berapa gaji presenter berita;NUM;money
berapa jumlah utang luar negeri kanada;NUM;money
berapa jumlah utang malaysia di luar negeri;NUM;money
berapa jumlah uang untuk membeli satu gram emas;NUM;money
berapa jumlah uang yang harus dikeluarkan untuk menginap di hotel bintang 5;NUM;money
berapa jumlah uang untuk makan di restoran mewah;NUM;money
berapa jumlah uang yang harus dibawa saat bepergian ke luar negeri;NUM;money
berapa jumlah uang yang dapat disimpan di bank;NUM;money
berapa jumlah uang yang diberikan kakek itu kepada cucunya;NUM;money
berapa jumlah uang yang kamu dapatkan hari ini;NUM;money
berapa tarif per kilometer naik ojek online;NUM;money
pada bab berapa dalam al quran diceritakan tentang dosa riba;NUM;order
peringkat berapa pertumbuhan ekonomi indonesia di asia;NUM;order
peringkat berapa chelsea pada liga inggris tahun 2008;NUM;order
juara berapa marc marques pada moto gp seri sepang tahun 2017;NUM;order
ada di urutan keberapa huruf syin dalam huruf hijaiyah;NUM;order
ada pada urutan berapa huruf M dalam abjad;NUM;order
ada di posisi berapa schumacer dalam balapan formula 1 tahun 2007;NUM;order
ada di posisi berapa sma 6 dalam porda kabupaten sleman 2010;NUM;order
pada bab keberapa dikisahkan dalam al quran tentang maryam;NUM;order
peringkat berapa jumlah populasi penduduk uruguay di dunia;NUM;order
peringkat berapa luas wilayah negara jepang di dunia;NUM;order
Berapa denyut jantung istirahat yang normal pada orang dewasa sehat;NUM;numother
berapa IQ Einstein;NUM;numother
Berapa lintang dan bujur El Paso;NUM;numother
Berapa nilai sempurna dalam latihan senam;NUM;numother
Berapa reaktivitas kimia helium;NUM;numother
Berapa reaktivitas kimia neon;NUM;numother
Berapa statistik pengangguran untuk tahun 1965 dan 1990;NUM;numother
Berapa statistik untuk pengemudi yang mabuk di Maryland;NUM;numother
Berapa frekuensi VHF;NUM;numother
Berapa tingkat rata-rata pekerja Amerika per jam;NUM;numother
Seberapa keras petir;NUM;numother
Seberapa sering kembar empat dilahirkan;NUM;numother
berapa frekuensi fm;NUM;numother
berapa frekuensi am;NUM;numother
berapa denyut jantung manusia sehat;NUM;numother
berapa tensi darah normal orang dewasa;NUM;numother
berapa persen zakat mall yang harus dikeluarkan;NUM;percent
berapa persen pajak penghasilan yang harus dibayar;NUM;percent
berapa persenkah 30 dari 100;NUM;percent
berapa persentase jumlah pengusaha muda di indonesia;NUM;percent
berapa persentase anak di brunei yang kekurangan gizi;NUM;percent
berapa persentase produk lokal indonesia yang diekspor ke luar negeri;NUM;percent
berapa tingkat pengangguran di inggris saat ini;NUM;percent
berapa tingkat kemiskinan di india tahun 2005;NUM;percent
berapa tingkat penduduk kurang mampu di surabaya;NUM;percent
berapa tingkat target pertumbuhan ekonomi di indonesia 2020;NUM;percent
berapa persentase air dalam tubuh kita;NUM;percent
berapa besar peluang melahirkan anak kembar;NUM;percent
berapa persen orang bandung yang memiliki rumah ;NUM;percent
berapa persen penduduk jakarta yang mengontrak;NUM;percent
berapa taraf kecerdasan anak norwegia saat ini;NUM;percent
berapa persen air tawar yang ada di bumi;NUM;percent
berapa persentase jumlah air laut di bumi;NUM;percent
berapa persentase pengguna gadget di bawah usia 15 tahun;NUM;percent
berapa besar peluang untuk diterima diperguruan tinggi ternama;NUM;percent
seberapa besar peluang lulus jadi anggota brimob;NUM;percent
seberapa besar kesempatan untuk diterima jadi pegawai negeri;NUM;percent
berapa persen penduduk muslim di dunia saat ini;NUM;percent
berapa lama ayam mengerami telurnya;NUM;period
berapa jam berpuasa di indonesia;NUM;period
berapa lama masa studi yang harus ditempuh pada studi doktor;NUM;period
berapa lama karabohidrat dalam nasi dapat bertahan di tubuh;NUM;period
berapa lama perjalanan dari bumi ke planet mars;NUM;period
berapa lama waktu yang ditempuh untuk mencapai puncak everest;NUM;period
berapa lama kehamilan manusia;NUM;period
berapa lama harapan hidup manusia di singapura;NUM;period
berapa lama waktu bangkai hewan habis terurai;NUM;period
Berapa lama seekor anjing tidur;NUM;period
Berapa lama seekor lalat hidup;NUM;period
Berapa lama waktu yang dibutuhkan bulan untuk mengelilingi Bumi;NUM;period
Berapa lama waktu yang dibutuhkan sinar matahari untuk mencapai Bumi;NUM;period
berapa lama manusia mengalami cegukan;NUM;period
berapa lama waktu kurungan terpidana korupsi;NUM;period
berapa lama rata rata manusia hidup;NUM;period
berapa umur bumi ini;NUM;period
berapa umur rata rata manusia;NUM;period
berapa umur rata rata dinosaurus;NUM;period
berapa umur rata rata kucing;NUM;period
berapa umur rata rata anjing;NUM;period
berapa umur manusia tertua saat ini;NUM;period
berapa usia rata rata manusia;NUM;period
berapa usia rata rata laki laki;NUM;period
berapa usia rata rata perempuan;NUM;period
berapa durasi rata rata film;NUM;period
berapa durasi pemutaran film itu;NUM;period
berapa harapan hidup rata rata pria di irlandia;NUM;period
berapa harapan hidup perembuan di italia;NUM;period
berapa lama periode kehamilah manusia;NUM;period
berapa lama periode studi di perguruan tinggi;NUM;period
berapa periode seorang presiden dapat menjabat;NUM;period
berapa periode maksimal kepala daerah memimpin;NUM;period
berapa lama kepiting hidup;NUM;period
berapa lama terpidana korupsi dipenjara;NUM;period
berapa kecepatan mobil formula one;NUM;speed
berapa cepat ceetah berlari;NUM;speed
berapa kecepatan tertinggi motor di motogp;NUM;speed
berapa km per jam kecepatan kapal laut;NUM;speed
seberapa cepat cahaya itu;NUM;speed
seberapa cepat laju motor pembalap moto gp;NUM;speed
seberapa kencang pergerakan mobil truck di medan terjal;NUM;speed
seberapa kencang angin tornado;NUM;speed
seberapa kencang badai itu;NUM;speed
seberapa cepat kuda dapat berlari;NUM;speed
seberapa cepat ular dapat melumpuhkan mangsanya;NUM;speed
berapa kecepatan yang dimiliki semut untuk berjalan;NUM;speed
berapa kecepatan maksimal pesawat batik air;NUM;speed
berapa kecepatan tertinggi processor core i5;NUM;speed
berapa cepat anak bayi dapat berbicara;NUM;speed
berapa kecepatan yang dimiliki kapal very;NUM;speed
seberapa kencang peluru dari senapan tipe 45;NUM;speed
berapa kecepatan maksimal mobil toyota land cruiser;NUM;speed
seberapa cepat penjahit dapat menyelesaikan satu baju;NUM;speed
berapa kecepatan minimum di tol jagorawi;NUM;speed
berapa kecepatan maksimum di jalan lintas provinsi jawa barat;NUM;speed
berapa derajat suhu di jakarta hari ini;NUM;temperature
berapa suhu normal tubuh;NUM;temperature
berapa suhu tubuh saat demam;NUM;temperature
berapa besar suhu yang ada dalam lemari es;NUM;temperature
berapa suhu dingin di pulau antartika;NUM;temperature
berapa suhu yang membuat air mendidih;NUM;temperature
berapa suhu udara hari ini;NUM;temperature
berapa suhu hari ini;NUM;temperature
berapa suhu untuk memasak;NUM;temperature
seberapa panas lava itu;NUM;temperature
seberapa panas di dalam gunung berapi aktif;NUM;temperature
berapa farenhait dalam 1 celcius;NUM;temperature
berapa seharusnya suhu oven saat memasak kue bolu;NUM;temperature
berapa suhu oven untuk memasak brownies;NUM;temperature
berapa suhu tubuh anda;NUM;temperature
berapa ukuran sepatu anda;NUM;size
berapa ukuran baju pria;NUM;size
berapa ukuran baju anak kecil itu;NUM;size
berapa ukuran baju dia;NUM;size
seberapa besar australia;NUM;size
seberapa besar kebun binatang ragunan;NUM;size
seberapa besar prancis itu;NUM;size
seberapa besar rumah bill gates;NUM;size
seberapa besar kolam renang di hotel itu;NUM;size
seberapa besar ukuran alam semesta;NUM;size
seberapa besar planet mars;NUM;size
berapa besar matahari;NUM;size
berapa besar bumi;NUM;size
berapa besar bulan itu;NUM;size
berapa ukuran lapangan sepak bola;NUM;size
berapa ukuran lapangan bulu tangkis;NUM;size
berapa ukuran sampul buku tersebut;NUM;size
berapa berat bumi ini;NUM;weight
berapa berat kapan nabi nuh;NUM;weight
berapa berat bola bowling itu;NUM;weight
berapa berat badan kamu;NUM;weight
berapa berat baju besi rasulullah;NUM;weight
berapa berat rata rata pria;NUM;weight
berapa berat rata rata wanita;NUM;weight
berapa berat maksimal paket yang dapat dikirim di jne;NUM;weight
berapa berat maksimal logistik yang dapat dikirim;NUM;weight
seberapa berat bumi itu;NUM;weight
seberapa berat 1 ton itu;NUM;weight
berapa berat badan ideal pria umur 35 ;NUM;weight
berapa kilogram emas yang dapat dibeli di antam;NUM;weight
seberapa berat air galon itu;NUM;weight
berapa berat tas yang dapat dijinjing anak sekolah;NUM;weight
berapa kira kira berat mobil truk itu;NUM;weight
berapa kira kira berat jam tangan itu;NUM;weight
berapa kira kira berat paket yang akan dikirim itu;NUM;weight
